acura	P1106	BARO Circuit Range Performance Malfunction
acura	P1107	BARO Circuit Low Input
acura	P1108	BARO Circuit High Input
acura	P1121	Throttle Position Lower Than Expected
acura	P1122	Throttle Position Higher Than Expected
acura	P1128	MAP Lower Than Expected
acura	P1129	MAP Higher Than Expected
acura	P1162	HO2S11 Circuit Fault Bank 1 Sensor 1
acura	P1163	HO2S11 Slow Response Bank 1 Sensor 1
acura	P1164	HO2S11 Circuit Fault Bank 1 Sensor 1
acura	P1165	HO2S11 Slow Response Bank 1 Sensor 1
acura	P1166	HO2S11 Heater Circuit Fault Bank 1 Sensor 1
acura	P1167	HO2S11 Heater Circuit VS+ Fault Bank 1 Sensor 1
acura	P1168	HO2S11 Label Circuit Low Voltage Fault Bank 1 Sensor 1
acura	P1169	HO2S11 Label Circuit High Voltage Fault Bank 1 Sensor 1
acura	P1201	Cylinder 1 Misfire
acura	P1202	Cylinder 2 Misfire
acura	P1203	Cylinder 3 Misfire
acura	P1204	Cylinder 4 Misfire
acura	P1205	Cylinder 5 Misfire
acura	P1206	Cylinder 6 Misfire
acura	P1241	Throttle Vent Control Motor Circuit 1 Malfunction
acura	P1242	Throttle Vent Control Motor Circuit 2 Malfunction
acura	P1243	Throttle Position Insufficient
acura	P1244	Closed Throttle Position Insufficient
acura	P1246	Accelerator Position Sensor 1 Circuit Malfunction
acura	P1247	Accelerator Position Sensor 2 Circuit Malfunction
acura	P1248	Accelerator Position Sensors 1 & 2 Improper Correlation
acura	P1253	VTEC System Circuit Fault
acura	P1259	VTEC System Malfunction Rear Bank 1
acura	P1279	VTEC System Malfunction Front Bank 2
acura	P1297	ELD Circuit Low Input
acura	P1298	Electrical Load Detector Circuit High Voltage
acura	P1300	Random Misfire
acura	P1301	Cylinder 1 Misfire
acura	P1302	Cylinder 2 Misfire
acura	P1303	Cylinder 3 Misfire
acura	P1304	Cylinder 4 Misfire
acura	P1305	Cylinder 5 Misfire
acura	P1306	Cylinder 6 Misfire
acura	P1316	Spark Plug Voltage Detection Circuit Malfunction Front Bank
acura	P1317	Spark Plug Voltage Detection Circuit Malfunction Rear Bank
acura	P1318	Spark Plug Voltage Detection Module Reset Circuit Malfunction Front Bank
acura	P1319	Spark Plug Voltage Detection Module Reset Circuit Malfunction Rear Bank
acura	P1324	Knock Sensor Power Source Circuit Low Voltage
acura	P1336	CKP Sensor B Range Performance
acura	P1337	CKP Sensor B Low Input
acura	P1359	CKP TDC Sensor Circuit Connector Disconnection
acura	P1361	TDC Sensor Intermittent Interruption
acura	P1362	TDC1 Sensor No Signal
acura	P1366	TDC2 Sensor Intermittent
acura	P1367	TDC2 Sensor No Signal
acura	P1381	CYP Sensor A Intermittent Interruption
acura	P1382	CYP Sensor A No Signal
acura	P1386	CYP Sensor B Intermittent Interruption
acura	P1387	CYP Sensor B No Signal
acura	P1456	Evaporative Emission Control System Leak Detected Fuel Tank System
acura	P1457	Evaporative Emission Control System Leak Detected Control Canister System
acura	P1459	EVAP Purge Flow Switch Malfunction
acura	P1491	EGR Valve Lift Insufficient Detected
acura	P1498	EGR Valve Lift Sensor High Voltage
acura	P1508	IAC Valve Circuit Failure
acura	P1519	IAC Valve Circuit Failure
acura	P1607	ECM Internal Circuit Failure A
acura	P1608	ECM Internal Circuit Failure B
acura	P1655	TMA Or TMB Signal Line Fault
acura	P1656	Automatic Transmission System Malfunction
acura	P1660	A/T FI Data Line Failure
acura	P1671	A/T FI Data Line No Signal
acura	P1672	A/T FI Data Line Failure
acura	P1676	Traction Control System FI Data Line No Signal
acura	P1677	Traction Control System FI Data Line Failure
acura	P1678	FPTDR Signal Line Failure
acura	P1681	A/T FI Signal A Low Input
acura	P1682	A/T FI Signal A High Input
acura	P1686	A/T FI Signal B Low Input
acura	P1687	A/T FI Signal B High Input
acura	P1690	Traction Control System STB Line Failure
acura	P1696	Traction Control Fuel Cut Signal Low Input
acura	P1697	Traction Control Fuel Cut Signal High Input
acura	P1705	TCM A/T Gear Position Switch Circuit Shorted
acura	P1706	TCM A/T Gear Position Switch Circuit Open
acura	P1709	Automatic Transmission System Malfunction
acura	P1738	Automatic Transmission System Malfunction
acura	P1739	Automatic Transmission System Malfunction
acura	P1753	TCM A/T ECT Sensor Circuit Fault
acura	P1753	TCM A/T Lockup Solenoid Valve A Fault
acura	P1758	TCM A/T Lockup Solenoid Valve B Fault
acura	P1768	Automatic Transmission System Malfunction
acura	P1773	Automatic Transmission System Malfunction
acura	P1788	Automatic Transmission System Malfunction
acura	P1790	TCM A/T TP Sensor Circuit Fault
acura	P1791	TCM A/T Vehicle Speed Sensor Circuit Fault
acura	P1793	Automatic Transmission System Malfunction
acura	P1795	Automatic Transmission System Malfunction
audi	P3000	Fuel level is too low, High voltage battery assembly failure, High voltage battery is not sufficiently charged
audi	P3100	High voltage powertrain control module failure
audi	P3400	Faulty Cylinder Deactivation System
audi	P3401	Engine oil level is too low, Powertrain Control Module (PCM) failure, Variable valve timing solenoid failure, Wiring issue
bmw	P1083	Fuel Control Mixture Lean Bank 1 Sensor 1
bmw	P1084	Fuel Control Mixture Rich Bank 1 Sensor 1
bmw	P1085	Fuel Control Mixture Lean Bank 2 Sensor 1
bmw	P1086	Fuel Control Mixture Rich Bank 2 Sensor 1
bmw	P1087	O2 Sensor Circuit Slow Response in Lean Control Range Bank 1 Sensor 1
bmw	P1088	O2 Sensor Circuit Slow Response in Rich Control Range Bank 1 Sensor 1
bmw	P1089	O2 Sensor Circuit Slow Response in Lean Control Range Bank 1 Sensor 2
bmw	P1090	Pre-Catalyst Fuel Trim Too Lean Bank 1
bmw	P1091	Pre-Catalyst Fuel Trim Too Rich Bank 1
bmw	P1092	Pre-Catalyst Fuel Trim Too Lean Bank 2
bmw	P1093	Pre-Catalyst Fuel Trim Too Rich Bank 2
bmw	P1094	O2 Sensor Circuit Slow Response in Rich Control Range Bank 2 Sensor 1
bmw	P1095	O2 Sensor Circuit Slow Switching From Lean to Rich Bank 1 Sensor 1
bmw	P1096	O2 Sensor Circuit Slow Switching From Lean to Rich Bank 2 Sensor 1
bmw	P1097	O2 Sensor Circuit Slow Response After Coast Down Fuel Cut-off Bank 1 Sensor 2
bmw	P1098	O2 Sensor Circuit Slow Response After Coast Down Fuel Cutoff Bank 2 Sensor 2
bmw	P1111	Engine Coolant Temperature Radiator Outlet Sensor Low Input
bmw	P1112	Engine Coolant Temperature Radiator Outlet Sensor High Input
bmw	P1115	Coolant Temperature Sensor Plausibility
bmw	P1116	Mass Or Volume Air Flow Circuit Range Performance Problem Bank 2
bmw	P1117	Mass Or Volume Air Flow Circuit Low Input Bank 2
bmw	P1118	Mass Or Volume Air Flow Circuit High Input Bank 2
bmw	P1120	Pedal Position Sensor Circuit
bmw	P1121	Pedal Position Sensor 1 Range Performance Problem
bmw	P1122	Pedal Position Sensor 1 Low Input
bmw	P1123	Pedal Position Sensor 1 High Input
bmw	P1132	O2 Sensor Heater Control Circuit Bank 1 Sensor 1
bmw	P1133	O2 Sensor Heater Control Circuit Bank 2 Sensor 1
bmw	P1134	O2 Sensor Heater Circuit Signal Intermittent Bank 1 Sensor 1
bmw	P1135	O2 Sensor Heater Circuit Low Voltage Bank 1 Sensor 1
bmw	P1136	O2 Sensor Heater Circuit High Voltage Bank 1 Sensor 1
bmw	P1137	O2 Sensor Heater Circuit Signal Intermittent Bank 1 Sensor 2
bmw	P1138	O2 Sensor Heater Circuit Low Voltage Bank 1 Sensor 2
bmw	P1139	O2 Sensor Heater Circuit High Voltage Bank 1 Sensor 2
bmw	P1140	Mass Or Volume Air Flow Circuit Range Performance Problem
bmw	P1145	Solenoid Valve Running Losses Control Circuit Electrical
bmw	P1151	O2 Sensor Heater Circuit Signal Intermittent Bank 2 Sensor 1
bmw	P1152	O2 Sensor Heater Circuit Low Voltage Bank 2 Sensor 1
bmw	P1153	O2 Sensor Heater Circuit High Voltage Bank 2 Sensor 1
bmw	P1155	O2 Sensor Heater Circuit Intermittent Bank 2 Sensor 2
bmw	P1156	O2 Sensor Heater Circuit Low Voltage Bank 2 Sensor 2
bmw	P1157	O2 Sensor Heater Circuit High Voltage Bank 2 Sensor 2
bmw	P1158	Fuel Trim Adaptation Additive Bank 1 Low
bmw	P1159	Fuel Trim Adaptation Additive Bank 1 High
bmw	P1160	Fuel Trim Adaptation Additive Bank 2 Low
bmw	P1161	Fuel Trim Adaptation Additive Bank 2 High
bmw	P1162	Fuel Trim Adaptation Additive Per Ignition Bank 1 Low
bmw	P1163	Fuel Trim Adaptation Additive Per Ignition Bank 1 High
bmw	P1164	Fuel Trim Adaptation Additive Per Ignition Bank 2 Low
bmw	P1165	Fuel Trim Adaptation Additive Per Ignition Bank 2 High
bmw	P1174	Fuel Trim Adaptation Additive Bank 1 Malfunction
bmw	P1175	Fuel Trim Adaptation Additive Bank 2 Malfunction
bmw	P1176	O2 Sensor Slow Response Bank 1
bmw	P1177	O2 Sensor Slow Response Bank 2
bmw	P1178	O2 Sensor Signal Circuit Slow Switching From Rich to Lean Bank 1 Sensor 1
bmw	P1179	O2 Sensor Signal Circuit Slow Switching From Rich to Lean Bank 2 Sensor 1
bmw	P1180	O2 Sensor Signal Circuit Slow Switching From Rich to Lean Bank 1 Sensor 2
bmw	P1181	O2 Sensor Signal Circuit Slow Switching From Rich to Lean Bank 2 Sensor 2
bmw	P1182	O2 Sensor Bank 1 Sensor 2 Open Circuit During Coast Down Fuel Cut-off
bmw	P1183	O2 Sensor Bank 2 Sensor 2 Open Circuit During Coast Down Fuel Cut-off
bmw	P1186	O2 Sensor Heater Control Circuit Bank 1 Sensor 2
bmw	P1187	O2 Sensor Heater Control Circuit Bank 2 Sensor 2
bmw	P1188	Fuel Control Bank 1 Sensor 1
bmw	P1189	Fuel Control Bank 2 Sensor 1
bmw	P1190	Pre-Catalyst Fuel Trim System Bank 1
bmw	P1191	Pre-Catalyst Fuel Trim System Bank 2
bmw	P1192	Post-Catalyst Fuel Trim System Bank 1
bmw	P1193	Post-Catalyst Fuel Trim System Bank 2
bmw	P1221	Pedal Position Sensor 2 Range Performance Problem
bmw	P1222	Pedal Position Sensor 2 Low Input
bmw	P1223	Pedal Position Sensor 2 High Input
bmw	P1270	Control Module Self-Test Torque Monitoring
bmw	P1271	Ambient Air Pressure Sensor Electrical
bmw	P1283	Switching Solenoid for Air Assisted Injection Valves Bank 1 Control Circuit Electrical
bmw	P1284	Switching Solenoid for Air Assisted Injection Valves Bank 1 Control Circuit Signal Low
bmw	P1285	Switching Solenoid for Air Assisted Injection Valves Bank 1 Control Circuit Signal High
bmw	P1287	Switching Solenoid for Air Assisted Injection Valves Bank 2 Control Circuit Electrical
bmw	P1288	Switching Solenoid for Air Assisted Injection Valves Bank 2 Control Circuit Signal Low
bmw	P1289	Switching Solenoid for Air Assisted Injection Valves Bank 2 Control Circuit Signal High
bmw	P1313	A Camshaft Position Plausibility
bmw	P1317	B Camshaft Position Plausibility
bmw	P1327	Knock Sensor 2 Bank 1 Low Input
bmw	P1328	Knock Sensor 2 Bank 1 High Input
bmw	P1332	Knock Sensor 4 Low Input
bmw	P1333	Knock Sensor 4 High Input
bmw	P1340	Multiple Cylinder Misfire During Start
bmw	P1341	Multiple Cylinder Misfire With Fuel Cut-off
bmw	P1342	Misfire During Start Cylinder 1
bmw	P1343	Misfire Cylinder 1 With Fuel Cut-off
bmw	P1344	Misfire During Start Cylinder 2
bmw	P1345	Misfire Cylinder 2 With Fuel Cut-off
bmw	P1346	Misfire During Start Cylinder 3
bmw	P1347	Misfire Cylinder 3 With Fuel Cut-off
bmw	P1348	Misfire During Start Cylinder 4
bmw	P1349	Misfire Cylinder 4 With Fuel Cut-off
bmw	P1350	Misfire During Start Cylinder 5
bmw	P1351	Misfire Cylinder 5 With Fuel Cut-off
bmw	P1352	Misfire During Start Cylinder 6
bmw	P1353	Misfire Cylinder 6 With Fuel Cut-off
bmw	P1354	Misfire During Start Cylinder 7
bmw	P1355	Misfire Cylinder 7 With Fuel Cut-off
bmw	P1356	Misfire During Start Cylinder 8
bmw	P1357	Misfire Cylinder 8 With Fuel Cut-off
bmw	P1358	Misfire During Start Cylinder 9
bmw	P1359	Misfire Cylinder 9 With Fuel Cut-off
bmw	P1360	Misfire During Start Cylinder 10
bmw	P1361	Misfire Cylinder 10 With Fuel Cut-off
bmw	P1362	Misfire During Start Cylinder 11
bmw	P1363	Misfire Cylinder 11 With Fuel Cut-off
bmw	P1364	Misfire During Start Cylinder 12
bmw	P1365	Misfire Cylinder 12 With Fuel Cut-off
bmw	P1384	Knock Sensor 3 Circuit
bmw	P1385	Knock Sensor 4 Circuit
bmw	P1386	Control Module Self-test Knock Control Baseline Test Bank 1
bmw	P1396	Crankshaft Position Sensor Segment Timing Plausibility
bmw	P1397	Camshaft Position Sensor B Circuit Bank 1
bmw	P1400	Heated Catalyst Battery Voltage or Current Too Low During Heating Bank 1
bmw	P1401	Heated Catalyst Current Too High During Heating Bank 1
bmw	P1402	Heated Catalyst Power Switch Overtemperature Condition Bank 1
bmw	P1403	Carbon Canister Shut Off Valve Control Circuit Electrical
bmw	P1404	Heated Catalyst Current Too High During Heating Bank 2
bmw	P1405	Heated Catalyst Power Switch Overtemperature Condition Bank 2
bmw	P1406	Heated Catalyst Internal Control Module Checksum ROM Error
bmw	P1413	Secondary Air Injection Pump Relay Control Circuit Signal Low
bmw	P1414	Secondary Air Injection System Monitor Circuit High
bmw	P1420	Secondary Air Valve Control Circuit Electrical
bmw	P1421	Secondary Air System Bank 1
bmw	P1422	Secondary Air System Bank 2
bmw	P1432	Secondary Air Injection System Incorrect Flow Detected
bmw	P1438	Purge Control Valve Control Open Circuit
bmw	P1439	Purge Control Valve Control Circuit Signal Low
bmw	P1440	Purge Control Valve Control Circuit Signal High
bmw	P1441	Leakage Diagnostic Pump Control Open Circuit
bmw	P1442	Leakage Diagnostic Pump Control Circuit Signal Low
bmw	P1443	Leakage Diagnostic Pump Control Circuit Signal High
bmw	P1444	Diagnostic Module Tank Leakage DM-TL Pump Control Open Circuit
bmw	P1445	Diagnostic Module Tank Leakage DM-TL Pump Control Circuit Signal Low
bmw	P1446	Diagnostic Module Tank Leakage DM-TL Pump Control Circuit Signal High
bmw	P1447	Diagnostic Module Tank Leakage DM-TL Pump Too High During Switching
bmw	P1448	Diagnostic Module Tank Leakage DM-TL Pump Too Low During Switching
bmw	P1449	Diagnostic Module Tank Leakage DM-TL Pump Too High
bmw	P1450	Diagnostic Module Tank Leakage DM-TL Switching Solenoid Open Circuit
bmw	P1451	Diagnostic Module Tank Leakage DM-TL Switching Solenoid Control Circuit Signal Low
bmw	P1452	Diagnostic Module Tank Leakage DM-TL Switching Solenoid Control Circuit Signal High
bmw	P1453	Secondary Air Injection Pump Relay Control Circuit Electrical
bmw	P1454	Secondary Air Injection Pump With Series Resistor Control Circuit Electrical
bmw	P1456	Heated Catalyst Heater Power Supply Open Circuit Bank 1
bmw	P1457	Heated Catalyst Heater Power Switch Temperature Sensor Electrical Bank 1
bmw	P1459	Heated Catalyst Heater Power Supply Open Circuit Bank 2
bmw	P1460	Heated Catalyst Heater Power Switch Temperature Sensor Electrical Bank 2
bmw	P1461	Heated Catalyst Gate Voltage Signal Low
bmw	P1462	Heated Catalyst Internal Control Module Checksum ROM Error
bmw	P1463	Heated Catalyst Battery Temperature Sensor 1 Electrical
bmw	P1464	Heated Catalyst Battery Temperature Sensor 2 Electrical
bmw	P1465	Heated Catalyst Battery Temperature Sensor 1 or 2 Plausibility
bmw	P1466	Heated Catalyst Power Switch Temperature Sensor Plausibility
bmw	P1467	Heated Catalyst Comparison Battery Voltages of Power Switches Plausibility
bmw	P1468	Heated Catalyst Battery Disconnecting Switch Plausibility
bmw	P1470	Leakage Diagnostic Pump Control Circuit Electrical
bmw	P1472	Diagnostic Module Tank Leakage DM-TL Switching Solenoid Control Circuit Electrical
bmw	P1473	Diagnostic Module Tank Leakage DM-TL Pump Current Plausibility
bmw	P1475	Leakage Diagnostic Pump Reed Switch Did Not Close
bmw	P1476	Leakage Diagnostic Pump Clamped Tube
bmw	P1477	Leakage Diagnostic Pump Reed Switch Did Not Open
bmw	P1500	Idle Speed Control Valve Stuck Open
bmw	P1501	Idle Speed Control Valve Stuck Closed
bmw	P1502	Idle Speed Control Valve Closing Solenoid Control Circuit Signal High Or Low
bmw	P1503	Idle Speed Control Valve Closing Solenoid Control Circuit Signal Low
bmw	P1504	Idle Speed Control Valve Closing Solenoid Control Open Circuit
bmw	P1505	Idle Speed Control Valve Closing Solenoid Control Circuit Electrical
bmw	P1506	Idle Speed Control Valve Open Solenoid Control Circuit Signal High
bmw	P1507	Idle Speed Control Valve Open Solenoid Control Circuit Signal Low
bmw	P1508	Idle Speed Control Valve Opening Solenoid Control Open Circuit
bmw	P1509	Idle Speed Control Valve Opening Solenoid Control Circuit Electrical
bmw	P1510	Idle Speed Control Valve Stuck
bmw	P1511	DISA Control Circuit Electrical
bmw	P1512	DISA Control Circuit Signal Low
bmw	P1513	DISA Control Circuit Signal High
bmw	P1519	A Camshaft Position Actuator Bank 1
bmw	P1520	B Camshaft Position Actuator Bank 1
bmw	P1522	A Camshaft Position Actuator Bank 2
bmw	P1523	A Camshaft Position Actuator Signal Low Bank 1
bmw	P1524	A Camshaft Position Actuator Signal High Bank 1
bmw	P1525	A Camshaft Position Actuator Control Open Circuit Bank 1
bmw	P1526	A Camshaft Position Actuator Control Open Circuit Bank 2
bmw	P1527	A Camshaft Position Actuator Control Circuit Signal Low Bank 1
bmw	P1528	A Camshaft Position Actuator Control Circuit Signal High Bank 1
bmw	P1529	B Camshaft Position Actuator Control Circuit Signal Low Bank 1
bmw	P1530	B Camshaft Position Actuator Control Circuit Signal High Bank 1
bmw	P1531	B Camshaft Position Actuator Control Open Circuit Bank 1
bmw	P1532	B Camshaft Position Actuator Control Open Circuit Bank 2
bmw	P1533	B Camshaft Position Actuator Control Circuit Signal Low Bank 2
bmw	P1534	B Camshaft Position Actuator Control Circuit Signal High Bank 2
bmw	P1540	Pedal Position Sensor
bmw	P1541	Pedal Position Sensor Double Error
bmw	P1542	Pedal Position Sensor Electrical
bmw	P1543	Pedal Position Sensor
bmw	P1544	Pedal Position Sensor
bmw	P1545	Pedal Position Sensor
bmw	P1546	Pedal Position Sensor
bmw	P1550	Idle Speed Control Valve Closing Solenoid Control Circuit Electrical
bmw	P1551	A Camshaft Position Actuator Control Open Circuit Bank 1
bmw	P1552	A Camshaft Position Actuator Control Open Circuit Bank 1
bmw	P1556	A Camshaft Position Actuator Control Open Circuit Bank 1
bmw	P1560	B Camshaft Position Actuator Control Open Circuit Bank 1
bmw	P1564	Control Module Selection
bmw	P1565	B Camshaft Position Actuator Control Open Circuit Bank 1
bmw	P1569	A Camshaft Position Actuator Control Open Circuit Bank 2
bmw	P1580	Throttle Valve Mechanically Stuck
bmw	P1581	B Camshaft Position Actuator Control Open Circuit Bank 2
bmw	P1589	Control Module Self Test Knock Control Test Pulse Bank 1
bmw	P1593	DISA Control Circuit Electrical
bmw	P1594	B Camshaft Position Actuator Control Open Circuit Bank 2
bmw	P1602	Control Module Self Test Control Module Defective
bmw	P1603	Control Module Self Test Torque Monitoring
bmw	P1604	Control Module Self Test Speed Monitoring
bmw	P1607	CAN Version
bmw	P1608	Serial Communicating Link Control Module
bmw	P1609	Serial Communicating Link EML
bmw	P1611	Serial Communicating Link Transmission Control Module
bmw	P1619	MAP Cooling Control Circuit Signal Low
bmw	P1620	MAP Cooling Control Circuit Signal High
bmw	P1622	MAP Cooling Control Circuit Electrical
bmw	P1623	Pedal Position Sensor Potentiometer Supply
bmw	P1624	Pedal Position Sensor Potentiometer Supply Channel 1 Electrical
bmw	P1625	Pedal Position Sensor Potentiometer Supply Channel 2 Electrical
bmw	P1632	Throttle Valve Adaptation Adaptation Condition Not Met
bmw	P1633	Throttle Valve Adaptation Limp Home Position
bmw	P1634	Throttle Valve Adaptation Spring Test Failed
bmw	P1635	Throttle Valve Adaptation Lower Mechanical Stop Not Adapted
bmw	P1636	Throttle Valve Control Circuit
bmw	P1637	Throttle Valve Position Control Control Deviation
bmw	P1638	Throttle Valve Position Control Throttle Stuck Temporarily
bmw	P1639	Throttle Valve Position Control Throttle Stuck Permanently
bmw	P1640	Internal Control Module ROM RAM Error
bmw	P1690	Malfunction Indicator Lamp MIL Electrical
bmw	P1734	Pressure Control Solenoid B Electrical
bmw	P1738	Pressure Control Solenoid C Electrical
bmw	P1743	Pressure Control Solenoid E Electrical
bmw	P1744	Pressure Control Solenoid A Electrical
bmw	P1746	Transmission Control Module Output Stage
bmw	P1747	CAN Bus Monitoring
bmw	P1748	Transmission Control Module Self Test
bmw	P1749	Secondary Pressure Solenoid Communication Error
bmw	P1750	Secondary Pressure Solenoid Circuit Range Performance
bmw	P1751	Secondary Pressure Solenoid Open Circuit
bmw	P1761	Shift Solenoid Malfunction
bmw	P1765	CAN Throttle Valve
bmw	P1770	CAN Torque Interface
bmw	P1780	CAN Torque Reduction
chrysler	P1031	HO2S Heater Current Monitor Control Circuit Sensors 1
chrysler	P1032	HO2S Heater Warm Up Control Circuit Sensors 1
chrysler	P1105	Secondary Vacuum Sensor Circuit
chrysler	P1106	MAP Sensor Circuit Intermittent High Voltage
chrysler	P1107	MAP Sensor Circuit Intermittent Low Voltage
chrysler	P1108	BARO To MAP Sensor Circuit Comparison Too High
chrysler	P1109	Secondary Port Throttle System
chrysler	P1111	Intake Air Temperature (IAT) Sensor Circuit Intermittent High Voltage
chrysler	P1112	Intake Air Temperature (IAT) Sensor Circuit Intermittent Low Voltage
chrysler	P1113	Intake Resonance Switchover Valve Circuit
chrysler	P1114	Engine Coolant Temperature (ECT) Sensor Circuit Intermittent Low Voltage
chrysler	P1115	Engine Coolant Temperature (ECT) Sensor Circuit Intermittent High Voltage
chrysler	P1116	ECT Signal Unstable Or Intermittent
chrysler	P1117	Engine Coolant Temp Signal Out-Of-Range Low
chrysler	P1118	Engine Coolant Temp Signal Out-Of Range High
chrysler	P1119	ECT Signal Out Of Rage With TFT Sensor
chrysler	P1120	Throttle Position (TP) Sensor 1 Circuit
chrysler	P1121	TP Sensor Circuit Intermittent High Voltage
chrysler	P1122	TP Sensor Circuit Intermittent Low Voltage
chrysler	P1125	Accelerator Pedal Position (APP) System
chrysler	P1130	HO2S Circuit Low Variance Bank 1 Sensor 1
chrysler	P1131	HO2S Circuit Low Variance Bank 1 Sensor 2
chrysler	P1132	H02S Circuit Low Variance Bank 2 Sensor 1
chrysler	P1133	HO2S Insufficient Switching
chrysler	P1134	HO2S Transition Time Ratio
chrysler	P1135	HO2S Lean Average Bank 1 Sensor 1
chrysler	P1136	HO2S Rich Average Bank 1 Sensor 1
chrysler	P1137	HO2S Bank 1 Sensor 2 Lean Or Low Voltage
chrysler	P1138	HO2S Bank 1 Sensor 2 Rich Or High Voltage
chrysler	P1139	HO2S Insufficient Switching Bank 1 Sensor 2
chrysler	P1140	HO2S Transition Time Ratio Bank 1 Sensor 2
chrysler	P1141	HO2S Bank 1 Sensor 2 Average Voltage Level
chrysler	P1143	HO2S Bank 1 Sensor 3 Lean Or Low Voltage
chrysler	P1144	HO2S Bank 1 Sensor 3 Rich Or High Voltage
chrysler	P1145	HO2S Cross Counts Bank 1 Sensor 3
chrysler	P1153	HO2S Insufficient Switching
chrysler	P1154	HO2S Transition Time Ratio
chrysler	P1155	HO2S Lean Average Bank 2 Sensor 1
chrysler	P1156	HO2S Rich Average Bank 2 Sensor 1
chrysler	P1157	HO2S Bank 2 Sensor 2 Lean System Or Low Voltage
chrysler	P1158	HO2S Bank 2 Sensor 2 Rich Or High Voltage
chrysler	P1159	HO2S Cross Counts Bank 2 Sensor 2
chrysler	P1161	HO2S Heater Power Stage Circuit Bank 2 Sensor 2
chrysler	P1163	HO2S Bank 2 Sensor 3 Lean System Or Low Voltage
chrysler	P1164	HO2S Bank 2 Sensor 3 Rich Or High Voltage
chrysler	P1165	HO2S Cross Counts Bank 2 Sensor 2
chrysler	P1170	Bank To Bank Fuel Trim Offset
chrysler	P1171	Fuel System Lean During Acceleration
chrysler	P1185	Engine Oil Temperature Circuit
chrysler	P1186	EOT Circuit Performance
chrysler	P1187	EOT Sensor Circuit Low Voltage
chrysler	P1188	EOT Sensor Circuit High Voltage
chrysler	P1189	Engine Oil Pressure Switch Circuit
chrysler	P1190	Engine Vacuum Leak
chrysler	P1191	Intake Air Duct Air Leak
chrysler	P1200	Injector Control Circuit
chrysler	P1201	(Alternative Fuel) Gas Mass Sensor Circuit Range/Performance
chrysler	P1202	(Alternative Fuel) Gas Mass Sensor Circuit Low Frequency
chrysler	P1203	(Alternative Fuel) Gas Mass Sensor Circuit High Frequency
chrysler	P1211	Mass Air Flow Circuit Intermittent High
chrysler	P1212	Mass Air Flow Circuit Intermittent Low
chrysler	P1214	Injection Pump Timing Offset
chrysler	P1215	Ground Fault Detection Indicated
chrysler	P1216	Fuel Solenoid Response Time Too Short
chrysler	P1217	Fuel Solenoid Response Time Too Long
chrysler	P1218	Injection Pump Calibration Circuit
chrysler	P1219	Throttle Position Sensor Reference Voltage
chrysler	P1220	Throttle Position (TP) Sensor 2 Circuit
chrysler	P1221	Throttle Position (TP) Sensor 1-2 Correlation
chrysler	P1222	Injector Control Circuit Intermittent
chrysler	P1225	Injector Circuit Cylinder 2 Intermittent
chrysler	P1228	Injector Circuit Cylinder 3 Intermittent
chrysler	P1231	Injector Circuit Cylinder 4 Intermittent
chrysler	P1234	Injector Circuit Cylinder 5 Intermittent
chrysler	P1237	Injector Circuit Cylinder 6 Intermittent
chrysler	P1240	Injector Circuit Cylinder 7 Intermittent
chrysler	P1243	Injector Circuit Cylinder 8 Intermittent
chrysler	P1245	Intake Plenum Switchover Valve
chrysler	P1250	Early Fuel Evaporation Heater Circuit
chrysler	P1257	Supercharger System Overboost
chrysler	P1258	Engine Coolant Overtemperature Protection Mode Active
chrysler	P1260	Last Test Failed SCC Or Theft Detected Vehicle Immobilized
chrysler	P1270	Accelerator Pedal Position Sensor A/D Converter Error
chrysler	P1271	APP Sensor 1-2 Performance
chrysler	P1272	Accelerator Pedal Position Sensor 2
chrysler	P1273	Accelerator Pedal Position Sensor 1
chrysler	P1274	Injectors Wired Incorrectly
chrysler	P1275	Accelerator Pedal Position (APP) Sensor 1 Circuit
chrysler	P1276	Accelerator Pedal Position (APP) Sensor 1 Performance
chrysler	P1277	Accelerator Pedal Position Sensor 1 Circuit Low Voltage
chrysler	P1278	Accelerator Pedal Position Sensor 1 Circuit High Voltage
chrysler	P1280	Accelerator Pedal Position (APP) Sensor 2 Circuit
chrysler	P1281	Accelerator Pedal Position (APP) Sensor 2 Performance
chrysler	P1282	Accelerator Pedal Position Sensor 2 Circuit Low Voltage
chrysler	P1283	Accelerator Pedal Position Sensor 2 Circuit High Voltage
chrysler	P1285	Accelerator Pedal Position (APP) Sensor 3 Circuit
chrysler	P1286	Accelerator Pedal Position (APP) Sensor 3 Performance
chrysler	P1287	Accelerator Pedal Position Sensor 3 Circuit Low Voltage
chrysler	P1288	Accelerator Pedal Position Sensor 3 Circuit High Voltage
chrysler	P1300	Ignitor Circuit
chrysler	P1305	Ignition Coil 2 Primary Feedback Circuit
chrysler	P1310	Ignition Coil 3 Primary Feedback Circuit
chrysler	P1315	Ignition Coil 4 Primary Feedback Circuit
chrysler	P1320	IC Module 4X Ref Circuit Intermittent No Pulses
chrysler	P1321	Electronic Ignition System Fault Line
chrysler	P1322	EI System Or Ignition Control Missing
chrysler	P1323	24X Reference Circuit Low Frequency
chrysler	P1324	Crank RPM Too Low
chrysler	P1335	CKP Circuit
chrysler	P1336	Crankshaft Position (CKP) System Variation Not Learned
chrysler	P1345	CKP/CMP Correlation
chrysler	P1346	Intake Camshaft Position (CMP) Sensor System Performance
chrysler	P1350	Ignition Control System
chrysler	P1351	IC Circuit High Voltage
chrysler	P1352	IC Output High Pulse Detected When Grounded Cyl 2
chrysler	P1353	IC Output High Pulse Detected When Grounded Cyl 3
chrysler	P1354	IC Output High Pulse Detected When Grounded Cyl 4
chrysler	P1355	IC Output High Pulse Detected When Grounded Cyl 5
chrysler	P1356	IC Output High Pulse Detected When Grounded Cyl 6
chrysler	P1357	IC Output High Pulse Detected When Grounded Cyl 7
chrysler	P1358	IC Output High Pulse Detected When Grounded Cyl 8
chrysler	P1359	Ignition Control Circuit Group A
chrysler	P1360	Ignition Control Circuit Group B
chrysler	P1361	IC Circuit Low Voltage
chrysler	P1362	IC Cylinder 2 Not Toggling After Enable
chrysler	P1363	IC Cylinder 3 Not Toggling After Enable
chrysler	P1364	IC Cylinder 4 Not Toggling After Enable
chrysler	P1365	IC Cylinder 5 Not Toggling After Enable
chrysler	P1366	IC Cylinder 6 Not Toggling After Enable
chrysler	P1367	IC Cylinder 7 Not Toggling After Enable
chrysler	P1368	IC Cylinder 8 Not Toggling After Enable
chrysler	P1370	IC Module 4X Reference Circuit Too Many Pulses
chrysler	P1371	DI Low Resolution Circuit
chrysler	P1372	Crankshaft Position Sensor Circuit Performance
chrysler	P1374	3X Reference Circuit
chrysler	P1375	24X Reference Circuit High Voltage
chrysler	P1376	Ignition Ground Circuit
chrysler	P1377	IC Module CAM Pulse To 4X Reference Pulse Comparison
chrysler	P1380	Misfire Detected Rough Road Data Not Available
chrysler	P1381	Misfire Detected No Communication with Brake Control Module
chrysler	P1390	Wheel Speed Sensor 1, G-Sensor Circuit
chrysler	P1391	Wheel Speed Sensor 1, G-Sensor Circuit Performance
chrysler	P1392	Wheel Speed Sensor 1, G-Sensor Circuit Low Voltage
chrysler	P1393	Wheel Speed Sensor 1, G-Sensor Circuit High Voltage
chrysler	P1394	Wheel Speed Sensor 1, G-Sensor Circuit Intermittent
chrysler	P1395	Wheel Speed Sensor 2, G-Sensor Circuit
chrysler	P1396	Wheel Speed Sensor 2, G-Sensor Circuit Performance
chrysler	P1397	Wheel Speed Sensor 2, G-Sensor Circuit Low Voltage
chrysler	P1398	Wheel Speed Sensor 2, G-Sensor Circuit High Voltage
chrysler	P1399	Wheel Speed Sensor 2, G-Sensor Circuit Intermittent
chrysler	P1403	Exhaust Gas Recirculation System Valve 1
chrysler	P1404	Exhaust Gas Recirculation System Valve 2
chrysler	P1405	Exhaust Gas Recirculation System Valve 3
chrysler	P1406	EGR Valve Pintle Position Circuit
chrysler	P1407	EGR Air Intrusion In Exhaust Supply To EGR Valve
chrysler	P1408	Intake Manifold Pressure Sensor Circuit
chrysler	P1409	EGR Vacuum System Leak
chrysler	P1410	Fuel Tank Pressure System
chrysler	P1415	Secondary Air Injection (AIR) System
chrysler	P1416	AIR System Bank 1
chrysler	P1418	Secondary Air Injection System Relay A Control Circuit High
chrysler	P1420	Intake Air Low Pressure Switch Circuit Low Voltage
chrysler	P1421	Intake Air Low Pressure Switch Circuit High Voltage
chrysler	P1423	Intake Air High Pressure Switch Circuit High Voltage
chrysler	P1431	Fuel Level Sensor 2 Performance
chrysler	P1432	Fuel Level Sensor 2 Circuit Low Voltage
chrysler	P1433	Fuel Level Sensor 2 Circuit High Voltage
chrysler	P1441	Evaporative Emission (EVAP) System Flow During Non-Purge
chrysler	P1442	EVAP Vacuum Switch High Voltage During Ignition On
chrysler	P1450	Barometric Pressure Sensor Circuit
chrysler	P1451	Barometric Pressure Sensor Performance
chrysler	P1460	Cooling Fan Control System
chrysler	P1480	Cooling Fan 1 Control Circuit High
chrysler	P1483	Engine Coolilng System Performance
chrysler	P1500	Starter Signal Circuit
chrysler	P1501	Vehicle Speed Sensor Circuit Intermittent
chrysler	P1502	Theft Deterrent System No Password Received
chrysler	P1503	Theft Deterrent System Password Incorrect
chrysler	P1504	Vehicle Speed Output Circuit
chrysler	P1508	IAC System Low RPM
chrysler	P1509	IAC System High RPM
chrysler	P1510	Back UP Power Supply
chrysler	P1511	Throttle Control System Backup System Performance
chrysler	P1514	Throttle Body Performance
chrysler	P1515	Control Module Throttle Actuator Position Performance
chrysler	P1516	Throttle Actuator Control (TAC) Module Throttle Actuator Position Performance
chrysler	P1517	Throttle Actuator Control (TAC) Module Performance
chrysler	P1518	Throttle Actuator Control (TAC) Module Serial Data Circuit
chrysler	P1519	Electronic Throttle Module Low Volts Communication Disable
chrysler	P1520	Gear Indicator System
chrysler	P1521	Transmission Engaged At High Throttle Angle
chrysler	P1522	Park Neutral To Drive Reverse At High RPM
chrysler	P1523	Electronic Throttle Control Throttle Return
chrysler	P1524	TP Sensor Learned CI Throttle Angle Out Of Range
chrysler	P1525	Throttle Body Service Required
chrysler	P1526	TP Sensor Learn Not Complete
chrysler	P1527	Transmission Range Pressure Switch Comparison
chrysler	P1528	Governor
chrysler	P1529	Heated Windshield Request Problem
chrysler	P1530	Ignition Timing Adjustment Switch Circuit
chrysler	P1531	A/C Low Side Temperature Sensor Fault
chrysler	P1532	A/C Evaporator Temperature Sensor Circuit Low Voltage
chrysler	P1533	A/C Evaporator Temperature Sensor Circuit High Voltage
chrysler	P1534	A/C High Side Temperature Sensor Low Voltage
chrysler	P1535	A/C High Side Temperature Sensor Circuit
chrysler	P1536	A/C System ECT Overtemperature
chrysler	P1537	A/C Request Circuit Low Voltage
chrysler	P1538	A/C Request Circuit High Voltage
chrysler	P1539	Air Conditioning (A/C) Clutch Feedback Circuit High Voltage
chrysler	P1540	A/C System High Pressure
chrysler	P1541	A/C High Side Over Temperature
chrysler	P1542	A/C System High Pressure High Temperature
chrysler	P1543	A/C System Performance
chrysler	P1544	A/C Refrigerant Condition Very Low
chrysler	P1545	A/C Clutch Relay Control Circuit
chrysler	P1546	Air Conditioning (A/C) Clutch Feedback Circuit Low Voltage
chrysler	P1547	A/C System Performance Degraded
chrysler	P1548	A/C Recirculation Circuit
chrysler	P1554	Cruise Engaged Circuit High Voltage
chrysler	P1555	Electronic Variable Orifice Output
chrysler	P1558	Cruise Control Servo Indicates Low
chrysler	P1559	Cruise Control Power Management Mode
chrysler	P1560	Cruise Control System Transaxle Not In Drive
chrysler	P1561	Cruise Vent Solenoid
chrysler	P1562	Cruise Vacuum Solenoid
chrysler	P1563	Cruise Vehicle Speed Set Speed Difference Too High
chrysler	P1564	Cruise Control System Vehicle Accel Too High
chrysler	P1565	Cruise Servo Position Sensor
chrysler	P1566	Cruise Control System Engine RPM Too High
chrysler	P1567	Cruise Control System Active Braking Control Active
chrysler	P1568	Cruise Servo Stroke Greater Than Commanded In Cruise
chrysler	P1569	Cruise Servo Stroke High While Not In Cruise
chrysler	P1570	Cruise Control System Traction Control Active
chrysler	P1571	TCS PWM Circuit No Frequency
chrysler	P1572	ASR Active Circuit Low Too Long
chrysler	P1573	PCM EBTCM Serial Data Circuit
chrysler	P1574	Stoplamp Switch Circuit
chrysler	P1575	Extended Travel Brake Switch Circuit
chrysler	P1576	BBV Sensor Circuit High Voltage
chrysler	P1577	BBV Sensor Circuit Low Voltage
chrysler	P1578	BBV Sensor Circuit Low Vacuum
chrysler	P1579	P/N To D/R At High Throttle Angle
chrysler	P1580	Cruise Move Circuit Low Voltage
chrysler	P1581	Cruise Move Circuit High Voltage
chrysler	P1582	Cruise Direction Circuit Low Voltage
chrysler	P1583	Cruise Direction Circuit High Volume
chrysler	P1584	Cruise Control Disabled
chrysler	P1585	Cruise Inhibit Control Circuit
chrysler	P1586	Cruise Control Brake Switch 2 Circuit
chrysler	P1587	Cruise Control Clutch Control Circuit Low
chrysler	P1588	Cruise Control Clutch Control Circuit High
chrysler	P1599	Engine Stall Or Near Stall Detected
chrysler	P1602	PCM Not Programmed
chrysler	P1680	Clutch Released Switch Circuit Open Or Shorted
chrysler	P1681	No Instrument Panel Cluster CCD J1850 Messages Received
chrysler	P1682	Charging System Voltage Too Low
chrysler	P1683	Speed Control Power Relay Or Speed Control 12 Volt Driver Circuit Open Or Shorted
chrysler	P1684	Battery Disconnected Within Last 50 Starts
chrysler	P1685	Skim Invalid Key
chrysler	P1686	No SKIM Bus Message Received
chrysler	P1687	No Cluster Bus Message
chrysler	P1688	Internal Fuel Injection Pump Controller Failure
chrysler	P1689	No Communication Between ECM & Injection Pump Module
chrysler	P1690	Fuel Injection Pump CKP Sensor Does Not Agree With ECM CKP Sensor
chrysler	P1691	Fuel Injection Pump Controller Calibration Failure
chrysler	P1693	DTC Detected In ECM Or PCM
chrysler	P1694	No CCD Messages Received From ECM
chrysler	P1695	No CCD J1850 Message From BCM
chrysler	P1696	PCM Failure EEPROM Write Denied
chrysler	P1697	PCM Failure SRI Mile Not Stored
chrysler	P1698	No CCD Messages Received From PCM
chrysler	P1699	No CCD J1850 Messages Received From The Climate Control Module (CCM)
chrysler	P1719	Skip Shift Solenoid Circuit Open Or Shorted
chrysler	P1740	TCC Or OD Solenoid Performance
chrysler	P1756	Governor Pressure Not Equal To Target At 15-20 PSI
chrysler	P1757	Governor Pressure Above 3 PSI When Request Is 0 PSI
chrysler	P1762	Governor Pressure Sensor Offset Improper Voltage
chrysler	P1763	Governor Pressure Sensor Voltage Too High
chrysler	P1764	Governor Pressure Sensor Voltage Too Low
chrysler	P1765	Trans 12 Volt Supply Relay Control Circuit Open Or Shorted
chrysler	P1830	Open Or Shorted Condition Detected In The Clutch Pedal Switch Override Relay Control
chrysler	P1899	Park Neutral Position Switch Stuck In Park Or In Gear
dodge	P1105	Open Or Shorted Condition Detected In The Baro Read Solenoid Control Circuit
dodge	P1192	Inlet Air Temp Circuit Low
dodge	P1193	Inlet Air Temp Circuit High
dodge	P1194	Incorrect Or Irrational Performance Has Been Detected For The PWM
dodge	P1195	O2 Sensor 1/1 Bank 1 Sensor 1 Slow During Catalyst Monitor
dodge	P1196	O2 Sensor 2/1 Bank 2 Sensor 1 Slow During Catalyst Monitor
dodge	P1197	O2 Sensor 1/2 Bank 1 Sensor 2 Slow During Catalyst Monitor
dodge	P1198	Radiator Temperature Sensor Voltage Too High
dodge	P1199	Radiator Temperature Sensor Voltage Too Low
dodge	P1243	Open Or Shorted Condition Detected In The Turbocharger Surge Valve Solenoid Control
dodge	P1280	Open Or Shorted Condition Detected In The Fuel System Relay Control Circuit
dodge	P1281	Engine Operating Temp Below Acceptable Range
dodge	P1282	Fuel Pump Relay Control Circuit Open Or Shorted
dodge	P1283	Idle Select Signal Invalid
dodge	P1284	Fuel Injection Pump Battery Voltage Out Of Range
dodge	P1285	Fuel Injection Pump Controller Always On
dodge	P1286	Accelerator Pedal Position Sensor Supply Voltage Too High
dodge	P1287	Fuel Injection Pump Controller Supply Voltage Low
dodge	P1288	Intake Manifold Short Runner Solenoid Circuit Open Or Shorted
dodge	P1289	Manifold Tune Valve Solenoid Circuit Open Or Shorted
dodge	P1290	CNG Fuel Pressure Too High
dodge	P1291	No Temp Rise Seen From Fuel Heaters
dodge	P1292	CNG Pressure Sensor Voltage Too High
dodge	P1293	CNG Pressure Sensor Voltage Too Low
dodge	P1294	Target Idle Not Reached
dodge	P1295	Loss Of 5 Volts To TP Sensor
dodge	P1296	Loss Of 5 Volts To MAP Sensor
dodge	P1297	No Change In MAP From Start To Run
dodge	P1298	Lean Operation At Wide Open Throttle
dodge	P1299	Vacuum Leak Found (IAC Fully Seated)
dodge	P1388	Auto Shutdown (ASD) Relay Control Circuit Open Or Shorted
dodge	P1389	No Auto Shutdown (ASD) Relay Output Voltage At PCM
dodge	P1390	Timing Belt Skipped One Tooth Or More
dodge	P1391	Intermittent Loss of CMP Or CKP
dodge	P1398	PCM Is Unable To Learn The Crankshaft Position Sensor's Signal
dodge	P1399	Wait To Start Lamp Circuit Open Or Shorted
dodge	P1403	Loss Of 5 Volts To EGR Sensor
dodge	P1475	Auxiliary 5 Volt Output Too High
dodge	P1476	Too Little Secondary Air
dodge	P1477	Too Much Secondary Air
dodge	P1478	Battery Temp Sensor Voltage Out Of Limit
dodge	P1479	Transmission Fan Relay Circuit Open Or Shorted
dodge	P1480	Open Or Shorted Condition Detected In The Positive Crankcase Ventilation (PCV)
dodge	P1480	PCV Solenoid Valve Open Or Shorted
dodge	P1481	EATX RPM Pulse Generator Signal For Misfire Detection
dodge	P1482	Catalyst Temperature Sensor Circuit Shorted Low
dodge	P1483	Catalyst Temperature Sensor Circuit Shorted High
dodge	P1484	Catalytic Converter Overheat Detected
dodge	P1485	Air Injection Solenoid Circuit Open Or Shorted
dodge	P1486	Evap Leak Monitor Pinched Hose
dodge	P1487	Hi Speed Rad Fan CTRL Relay Circuit Open Or Shorted
dodge	P1488	Auxiliary 5 Volt Supply Output Too Low
dodge	P1489	High Speed Fan CTRL Relay Circuit Open Or Shorted
dodge	P1490	Low Speed Fan CTRL Relay Circuit Open Or Shorted
dodge	P1491	Radiator Fan Control Relay Circuit Open Or Shorted
dodge	P1492	Battery Temperature Sensor Voltage Too High
dodge	P1493	Battery Temperature Sensor Voltage Too Low
dodge	P1494	Leak Detection Pump Switch Or Mechanical Fault
dodge	P1495	Leak Detection Pump Solenoid Circuit Open Or Shorted
dodge	P1496	5 Volt Supply Output Too Low
dodge	P1498	High Speed Rad Fan Ground CTRL Rly Circuit
dodge	P1499	Open Or Shorted Condition Detected In The Hydraulic Cooling Fan Solenoid Control
dodge	P1594	Charging System Voltage Too High
dodge	P1595	Speed Control Solenoid Circuit Open Or Shorted
dodge	P1596	Speed Control Switch Always High
dodge	P1597	Speed Control Switch Always Low
dodge	P1598	A/C Pressure Sensor Voltage Too High
dodge	P1599	A/C Pressure Sensor Voltage Too Low
dodge	P1602	PCM Not Programmed
dodge	P1680	Clutch Released Switch Circuit Open Or Shorted
dodge	P1681	No Instrument Panel Cluster CCD/J1850 Messages Received
dodge	P1682	Charging System Voltage Too Low
dodge	P1683	Speed Control Power Relay Or Speed Control 12 Volt Driver Circuit Open Or Shorted
dodge	P1684	Battery Disconnected Within Last 50 Starts
dodge	P1685	Skim Invalid Key
dodge	P1686	No SKIM Bus Message Received
dodge	P1687	No Cluster Bus Message
dodge	P1688	Internal Fuel Injection Pump Controller Failure
dodge	P1689	No Communication Between ECM & Injection Pump Module
dodge	P1690	Fuel Injection Pump CKP Sensor Does Not Agree With ECM CKP Sensor
dodge	P1691	Fuel Injection Pump Controller Calibration Failure
dodge	P1693	DTC Detected In ECM Or PCM
dodge	P1694	No CCD Messages Received From ECM
dodge	P1695	No CCD/J1850 Message From BCM
dodge	P1696	PCM Failure EEPROM Write Denied
dodge	P1697	PCM Failure SRI Mile Not Stored
dodge	P1698	No CCD Messages Received From PCM
dodge	P1699	No CCD/J1850 Messages Received From The Climate Control Module (CCM)
dodge	P1719	Skip Shift Solenoid Circuit Open Or Shorted
dodge	P1740	TCC Or OD Solenoid Performance
dodge	P1756	Governor Pressure Not Equal To Target At 15-20 PSI
dodge	P1757	Governor Pressure Above 3 PSI When Request Is 0 PSI
dodge	P1762	Governor Pressure Sensor Offset Improper Voltage
dodge	P1763	Governor Pressure Sensor Voltage Too High
dodge	P1764	Governor Pressure Sensor Voltage Too Low
dodge	P1765	Trans 12 Volt Supply Relay Control Circuit Open Or Shorted
dodge	P1830	Open Or Shorted Condition Detected In The Clutch Pedal Switch Override Relay Control
dodge	P1899	Park Neutral Position Switch Stuck In Park Or In Gear
ford	P1000	OBD System Readiness Test Not Complete
ford	P1001	KOER Test Cannot Be Completed
ford	P1039	Vehicle Speed Signal Missing or Improper
ford	P1051	Brake Switch Signal Missing or Improper
ford	P1100	Mass Air Flow Sensor Intermittent
ford	P1101	Mass Air Flow Sensor Out of Self-Test Range
ford	P1105	Dual Alternator Upper Fault
ford	P1106	Dual Alternator Lower Fault Manifold Absolute Pressure (MAP) Sensor Circuit Intermittent High Voltage
ford	P1107	Dual Alternator Lower Circuit Malfunction Manifold Absolute Pressure (MAP) Sensor Circuit Intermittent Low Voltage
ford	P1108	Dual Alternator Battery Lamp Circuit Malfunction
ford	P1109	IAT - B Sensor Intermittent
ford	P1111	System Pass
ford	P1112	Intake Air Temperature Sensor Intermittent
ford	P1114	Engine Coolant Temperature (ECT) Sensor Circuit Intermittent Low Voltage IAT - B Circuit Low Input
ford	P1115	Engine Coolant Temperature (ECT) Sensor Circuit Intermittent High Voltage IAT - B Circuit High Input
ford	P1116	Engine Coolant Temperature Sensor is Out of Self-Test Range
ford	P1117	Engine Coolant Temperature Sensor Intermittent
ford	P1118	Manifold Absolute Temperature Circuit Low Input
ford	P1119	Manifold Absolute Temperature Circuit High Input
ford	P1120	Throttle Position Sensor Out of Range
ford	P1121	Throttle Position Sensor Inconsistent with Mass Air Flow Sensor
ford	P1122	Throttle Position (TP) Sensor Circuit Intermittent Low Voltage
ford	P1123	Throttle Position Sensor In Range But Higher Than Expected
ford	P1124	Throttle Position Sensor Out of Self-Test Range
ford	P1125	Throttle Position Sensor Intermittent
ford	P1127	Exhaust Not Warm Enough Downstream O2 Sensor Not Tested
ford	P1128	Upstream Heated Oxygen Sensor Signals Reversed
ford	P1129	Downstream Heated Oxygen Sensor Signals Reversed
ford	P1130	Lack of Upstream Heated Oxygen Sensor Switch Adaptive Fuel Limit Bank 1
ford	P1131	Lack of Upstream Heated Oxygen Sensor Switch Sensor Indicates Lean Bank 1
ford	P1132	Lack of Upstream Heated Oxygen Sensor Switch Sensor Indicates Rich Bank 1
ford	P1133	Bank 1 Fuel Control Shifted Lean
ford	P1134	Bank 1 Fuel Control Shifted Rich
ford	P1135	Pedal Position Sensor A Circuit Intermittent
ford	P1137	Lack of Downstream Heated Oxygen Sensor Switch Sensor Indicates Lean Bank 1
ford	P1138	Lack of Downstream Heated Oxygen Sensor Switch Sensor Indicates Rich Bank 1
ford	P1139	Water In Fuel Indicator Circuit Malfunction
ford	P1140	Water In Fuel Condition
ford	P1141	Fuel Restriction Indicator Circuit Malfunction
ford	P1142	Fuel Restriction Condition
ford	P1150	Lack of Upstream Heated Oxygen Sensor Switch Adaptive Fuel Limit Bank 2
ford	P1151	Lack of Upstream Heated Oxygen Sensor Switch Sensor Indicates Lean Bank 2
ford	P1152	Lack of Upstream Heated Oxygen Sensor Switch Sensor Indicates Rich Bank 2
ford	P1153	Bank 2 Fuel Control Shifted Lean
ford	P1154	Bank 2 Fuel Control Shifted Rich
ford	P1155	Alternative Fuel Controller
ford	P1157	Lack of Downstream Heated Oxygen Sensor Switch Sensor Indicates Lean Bank 2
ford	P1158	Lack of Downstream Heated Oxygen Sensor Switch Sensor Indicates Rich Bank 2
ford	P1168	Fuel Rail Sensor In-Range Low Failure
ford	P1169	Fuel Rail Sensor In-Range High Failure
ford	P1170	ESO Engine Shut Off Solenoid Fault
ford	P1171	Rotor Sensor Fault
ford	P1172	Rotor Control Fault
ford	P1173	Rotor Calibration Fault
ford	P1174	Cam Sensor Fault
ford	P1175	Cam Control Fault
ford	P1176	Cam Calibration Fault
ford	P1177	Synchronization Fault
ford	P1180	Fuel Delivery System Malfunction Low
ford	P1181	Fuel Delivery System Malfunction High
ford	P1183	Engine Oil Temperature Circuit Malfunction
ford	P1184	Engine Oil Temperature Out Of Self Test Range
ford	P1185	FTS High Fuel Pump Temperature Sensor High
ford	P1186	FTS Low Fuel Pump Temperature Sensor Low
ford	P1187	Variant Selection
ford	P1188	Calibration Memory Fault
ford	P1189	Pump Speed Signal Fault
ford	P1190	Calibration Resistor Out Of Range
ford	P1191	Key Line Voltage
ford	P1192	Voltage External
ford	P1193	EGR Drive Overcurrent
ford	P1194	ECU A/D Converter
ford	P1195	SCP HBCC Failed To Initialize
ford	P1196	Key Off Voltage High
ford	P1197	Key Off Voltage Low
ford	P1198	Pump Rotor Control Underfueling
ford	P1209	Injector Control Pressure System Fault
ford	P1210	Injector Control Pressure Above Expected Level
ford	P1211	Injector Control Pressure Sensor Above Below Desired
ford	P1212	Injector Control Pressure Not Detected During Crank
ford	P1213	Start Injector Circuit Malfunction
ford	P1214	Pedal Position Sensor B Circuit Intermittent
ford	P1215	Pedal Position Sensor C Circuit Low Input
ford	P1216	Pedal Position Sensor C Circuit High Input
ford	P1217	Pedal Position Sensor C Circuit Intermittent
ford	P1218	CID High
ford	P1219	CID Low
ford	P1220	Series Throttle Control Fault
ford	P1221	Traction Control System Malfunction
ford	P1222	Traction Control Output Circuit Malfunction
ford	P1223	Pedal Demand Sensor B Circuit High Input
ford	P1224	Throttle Position Sensor B Out of Self-Test Range
ford	P1227	Wastegate Failed Closed Over Pressure
ford	P1228	Wastegate Failed Open Under Pressure
ford	P1229	Intercooler Pump Driver Fault
ford	P1230	Open Power to Fuel Pump Circuit
ford	P1231	High Speed Fuel Pump Relay Activated
ford	P1232	Low Speed Fuel Pump Primary Circuit Failure
ford	P1233	Fuel Pump Driver Module Off-Line
ford	P1234	Fuel Pump Driver Module Off-Line
ford	P1235	Fuel Pump Control Out of Range
ford	P1236	Fuel Pump Control Out of Range
ford	P1237	Fuel Pump Secondary Circuit Fault
ford	P1238	Fuel Pump Secondary Circuit Fault
ford	P1239	Speed Fuel Pump Positive Feed Fault
ford	P1243	Second Fuel Pump Faulty or Ground Fault
ford	P1244	Alternator Load Input Failed High
ford	P1245	Alternator Load Input Failed Low
ford	P1246	Alternator Load Input Failed
ford	P1247	Turbo Boost Pressure Low
ford	P1248	Turbo Boost Pressure Not Detected
ford	P1249	Wastegate Control Valve Performance
ford	P1250	Lack of Power to FPRC Solenoid
ford	P1252	Pedal Correlation PDS1 and LPDS High
ford	P1253	Pedal Correlation PDS1 and LPDS Low
ford	P1254	Pedal Correlation PDS2 and LPDS High
ford	P1255	Pedal Correlation PDS2 and LPDS Low
ford	P1256	Pedal Correlation PDS1 and HPDS
ford	P1257	Pedal Correlation PDS2 and HPDS
ford	P1258	Pedal Correlation PDS1 and PDS2
ford	P1260	Theft Detected Engine Disabled
ford	P1261	Cylinder #1 High To Low Side Short
ford	P1262	Cylinder #2 High To Low Side Short
ford	P1263	Cylinder #3 High To Low Side Short
ford	P1264	Cylinder #4 High To Low Side Short
ford	P1265	Cylinder #5 High To Low Side Short
ford	P1266	Cylinder #6 High To Low Side Short
ford	P1267	Cylinder #7 High To Low Side Short
ford	P1268	Cylinder #8 High To Low Side Short
ford	P1270	Engine RPM Or Speed Limiter Reached
ford	P1270	Engine RPM or Vehicle Speed Limiter Reached
ford	P1271	Cylinder #1 High To Low Side Open
ford	P1272	Cylinder #2 High To Low Side Open
ford	P1273	Cylinder #3 High To Low Side Open
ford	P1274	Cylinder #4 High To Low Side Open
ford	P1275	Cylinder #5 High To Low Side Open
ford	P1276	Cylinder #6 High To Low Side Open
ford	P1277	Cylinder #7 High To Low Side Open
ford	P1278	Cylinder #8 High To Low Side Open
ford	P1280	Injection Control Pressure Out Of Range Low
ford	P1281	Injection Control Pressure Out Of Range High
ford	P1282	Excessive Injection Control Pressure
ford	P1283	IPR Circuit Failure
ford	P1284	Aborted KOER ICP Failure
ford	P1285	Cylinder Head Over Temp Sensed
ford	P1286	Fuel Pulse In Range But Lower Than Expected
ford	P1287	Fuel Pulse In Range But Higher Than Expected
ford	P1288	Cylinder Head Temperature Sensor Out of Self-Test Range
ford	P1289	Cylinder Head Temperature Sensor Signal Greater Than Self-Test Range
ford	P1290	Cylinder Head Temperature Sensor Signal Less Than Self-Test Range
ford	P1291	Injector High Side Short To GND Or VBATT Bank 1
ford	P1292	Injector High Side Short To GND Or VBATT Bank 2
ford	P1293	Injector High Side Open Bank 1
ford	P1294	Injector High Side Open Bank 2 Target Idle Not Reached
ford	P1295	Multi-faults Bank 1 With Low Side Shorts
ford	P1296	Multi-faults Bank 2 With Low Side Shorts
ford	P1297	Injector High Sides Shorted Together
ford	P1298	IDM Failure
ford	P1299	Cylinder Head Temperature Sensor Detected Engine Overheating Condition
ford	P1300	Boost Calibration Fault
ford	P1301	Boost Calibration High
ford	P1302	Boost Calibration Low
ford	P1303	EGR Calibration Fault
ford	P1304	EGR Calibration High
ford	P1305	EGR Calibration Low
ford	P1306	Kickdown Relay Pull In Circuit Fault
ford	P1307	Kickdown Relay Hold Circuit Fault
ford	P1308	A/C Clutch Circuit Fault
ford	P1309	Misfire Detection Monitor Not Enabled
ford	P1316	Injector Circuit IDM Codes Detected
ford	P1317	Injector Circuit IDM Codes Not Updated
ford	P1340	Camshaft Position Sensor B Circuit Malfunction
ford	P1351	Ignition Diagnostic Monitor Circuit Input Fault
ford	P1352	Ignition Coil A Primary Circuit Fault
ford	P1353	Ignition Coil B Primary Circuit Fault
ford	P1354	Ignition Coil C Primary Circuit Fault
ford	P1355	Ignition Coil D Primary Circuit Fault
ford	P1356	Loss of Ignition Diagnostic Module Input to PCM
ford	P1357	Ignition Diagnostic Monitor Pulsewidth Not Defined
ford	P1358	Ignition Diagnostic Monitor Signal Out of Self-Test Range
ford	P1359	Spark Output Circuit Fault
ford	P1360	Ignition Coil A Secondary Circuit Malfunction
ford	P1361	Ignition Control (IC) Circuit Low Voltage
ford	P1362	Ignition Coil C Secondary Circuit Malfunction
ford	P1363	Ignition Coil D Secondary Circuit Malfunction
ford	P1364	Ignition Coil Primary Circuit Fault
ford	P1365	Ignition Coil Secondary Circuit Failure
ford	P1369	Engine Temperature Light Monitor Failure
ford	P1380	VCT Solenoid Valve Circuit Short or Open
ford	P1381	Cam Timing Advance is Excessive
ford	P1383	Cam Timing Advance is Excessive
ford	P1385	Variable Cam Timing Solenoid B Malfunction
ford	P1386	Variable Cam Timing Overadvanced Bank 2
ford	P1388	Variable Cam Timing Overretarded Bank 2
ford	P1389	Glow Plug Circuit High Side Low Input
ford	P1390	Octane Adjust Out of Self-Test Range
ford	P1391	Glow Plug Circuit Low Input Bank 1
ford	P1392	Glow Plug Circuit High Input Bank 1
ford	P1393	Glow Plug Circuit Low Input Bank 2
ford	P1394	Glow Plug Circuit High Input Bank 2
ford	P1395	Glow Plug Monitor Fault Bank 1
ford	P1396	Glow Plug Monitor Fault Bank 2
ford	P1397	System Voltage Out Of Self Test Range
ford	P1399	Glow Plug Circuit High Side High Input
ford	P1400	Differential Pressure Feedback Electronic Sensor Circuit Low Voltage
ford	P1401	Differential Pressure Feedback Electronic Sensor Circuit High Voltage
ford	P1402	EGR Metering Orifice Restricted
ford	P1403	Differential Pressure Feedback Electronic Sensor Hoses Reversed
ford	P1404	IAT - B Circuit Malfunction Exhaust Gas Recirculation Closed Position Performance
ford	P1405	Differential Pressure Feedback Electronic Sensor Circuit Upstream Hose
ford	P1406	Differential Pressure Feedback Electronic Sensor Circuit Downstream Hose
ford	P1407	EGR No Flow Detected
ford	P1408	EGR Flow Out of Self-Test Range
ford	P1409	EGR Vacuum Regulator Circuit Malfunction
ford	P1410	EGR Barometric Pressure Sensor VREF Voltage
ford	P1411	Secondary Air is Not Being Diverted
ford	P1413	Secondary Air Injection System Monitor Circuit Low Voltage
ford	P1414	Secondary Air Injection System Monitor Circuit High Voltage
ford	P1431	Misfire Monitor Disabled Unable to Learn Trigger Wheel Profile
ford	P1442	Secondary Air Injection System Monitor Circuit High Voltage
ford	P1443	Evaporative Emission Control System Vacuum System Purge Control Solenoid or Purge Control Valve Fault
ford	P1444	Purge Flow Sensor Circuit Input Low
ford	P1445	Purge Flow Sensor Circuit Input High
ford	P1450	Inability of Evaporative Emission Control System to Bleed Fuel Tank
ford	P1451	EVAP Control System Canister Vent Solenoid Circuit Malfunction
ford	P1452	Inability of Evaporative Emission Control System to Bleed Fuel Tank
ford	P1455	Substantial Leak or Blockage in Evaporative Emission Control System
ford	P1457	Unable To Pull Vacuum In Tank
ford	P1460	Wide Open Throttle Air Conditioning Cutoff Circuit Malfunction
ford	P1461	Air Conditioning Pressure Sensor Circuit Low Input
ford	P1462	Air Conditioning Pressure Sensor Circuit High Input
ford	P1463	Air Conditioning Pressure Sensor Insufficient Pressure Change
ford	P1464	ACCS to PCM High During Self-Test
ford	P1465	A/C Relay Circuit Malfunction
ford	P1466	A/C Refrigerant Temperature Sensor Circuit Malfunction
ford	P1469	Low Air Conditioning Cycling Period
ford	P1473	Fan Secondary High with Fans Off
ford	P1474	Low Fan Control Primary Circuit
ford	P1479	High Fan Control Primary Circuit
ford	P1480	Fan Secondary Low with Low Fans On
ford	P1481	Fan Secondary Low with High Fans On
ford	P1482	SCP
ford	P1483	Power to Cooling Fan Exceeded Normal Draw
ford	P1484	Variable Load Control Module Pin 1 Open
ford	P1485	EGRV Circuit Malfunction
ford	P1500	Vehicle Speed Sensor Intermittent
ford	P1501	Programmable Speedometer & Odometer Module Vehicle Speed Sensor Intermittent Circuit Failure
ford	P1502	Invalid or Missing Vehicle Speed Message or Brake Data
ford	P1504	Intake Air Control Circuit Malfunction
ford	P1505	Idle Air Control System at Adaptive Clip
ford	P1506	Idle Air Control Over Speed Error
ford	P1507	Idle Air Control Under Speed Error
ford	P1512	Intake Manifold Runner Control Stuck Closed
ford	P1513	Intake Manifold Runner Control Stuck Closed
ford	P1516	Intake Manifold Runner Control Input Error
ford	P1517	Intake Manifold Runner Control Input Error
ford	P1518	Intake Manifold Runner Control Fault Stuck Open
ford	P1519	Intake Manifold Runner Control Fault Stuck Closed
ford	P1519	Intake Manifold Runner Control Stuck Open
ford	P1520	Intake Manifold Runner Control Circuit Fault
ford	P1520	Intake Manifold Runner Control Fault
ford	P1530	Open or Short to A/C Compressor Clutch Circuit
ford	P1531	Invalid Test Accelerator Pedal Movement
ford	P1532	IMCC Circuit Malfunction Bank B
ford	P1533	AAI Circuit Malfunction
ford	P1534	Inertia Switch Activated
ford	P1536	Parking Brake Switch Circuit Failure
ford	P1537	Intake Manifold Runner Control Stuck Open
ford	P1538	Intake Manifold Runner Control Stuck Open
ford	P1539	Power to A/C Compressor Clutch Circuit Exceeded Normal Current Draw
ford	P1549	Intake Manifold Temperature Valve Vacuum Actuator Connection
ford	P1550	Power Steering Pressure Sensor Out of Self-Test Range
ford	P1565	Speed Control Command Switch Out of Range High
ford	P1566	Speed Control Command Switch Out of Range Low
ford	P1567	Speed Control Output Circuit Continuity
ford	P1568	Speed Control Unable to Hold Speed
ford	P1572	Brake Pedal Switch Circuit Malfunction
ford	P1573	Throttle Position Not Available
ford	P1574	Throttle Position Sensor Disagreement Between Sensors
ford	P1575	Pedal Position Out of Self Test Range
ford	P1576	Pedal Position Not Available
ford	P1577	Pedal Position Sensor Disagreement Between Sensors
ford	P1578	ETC Power Less Than Demand
ford	P1579	ETC In Power Limiting Mode
ford	P1580	Electronic Throttle Monitor PCM Override
ford	P1581	Electronic Throttle Monitor Malfunction
ford	P1582	Electronic Throttle Monitor Data Available
ford	P1583	Electronic Throttle Monitor Cruise Disable
ford	P1584	Throttle Control Detected ETB Malfunction
ford	P1585	Throttle Control Unit Malfunction
ford	P1586	Throttle Control Unit Throttle Position Malfunction
ford	P1587	Throttle Control Unit Modulated Command Malfunction
ford	P1588	Throttle Control Unit Detected Loss of Return Spring
ford	P1589	Throttle Control Unit Unable To Control Desired Throttle Angle
ford	P1600	Loss of KAM Power Open Circuit
ford	P1605	PCM Keep Alive Memory Test Error
ford	P1625	Voltage to Vehicle Load Control Module Fan Circuit Not Detected
ford	P1626	Voltage to Vehicle Load Control Module Circuit Not Detected
ford	P1634	Data Output Link Circuit Failure
ford	P1635	Tire Axle Ratio Out of Acceptable Range
ford	P1636	Inductive Signature Chip Communication Error
ford	P1639	Vehicle ID Block Corrupted or Not Programmed
ford	P1640	Powertrain DTCs Available in Another Module
ford	P1641	Fuel Pump Primary Circuit Failure
ford	P1642	Fuel Pump Monitor Circuit High Input
ford	P1643	Fuel Pump Monitor Circuit Low Input
ford	P1644	Fuel Pump Speed Control Circuit Malfunction
ford	P1650	Power Steering Pressure Switch Out of Self-Test Range
ford	P1651	Power Steering Pressure Switch Input Fault
ford	P1656	CAN Link PCM PCM Circuit Network
ford	P1657	CAN Link Chip Malfunction
ford	P1660	Output Circuit Check Signal High
ford	P1661	Output Circuit Check Signal Low
ford	P1662	IDM_EN Circuit Failure
ford	P1663	Fuel Demand Command Signal Circuit Malfunction
ford	P1667	CI Circuit Malfunction
ford	P1668	PCM IDM Communications Error
ford	P1670	Electronic Feedback Signal Not Detected
ford	P1690	Wastegate Solenoid Circuit Malfunction
ford	P1700	Transmission system problems
ford	P1701	Reverse Engagement Error
ford	P1702	Transmission system problems
ford	P1703	Brake On Off Switch Out of Self-Test Range
ford	P1704	Transmission system problems
ford	P1705	Manual Lever Position Sensor Out of Self-Test Range
ford	P1706	High Vehicle Speed Observed in Park
ford	P1707	Transfer Case Neutral Indicator Hard Fault Present
ford	P1709	Park or Neutral Position Switch Out of Self-Test Range
ford	P1710	Transmission system problems
ford	P1711	Transmission Fluid Temperature Sensor Out of Self-Test Range
ford	P1712	Trans Torque Reduction Request Signal Malfunction
ford	P1713	TFT Sensor In Range Failure Low Value
ford	P1714	SSA Inductive Signature Malfunction
ford	P1715	SSB Inductive Signature Malfunction
ford	P1716	SSC Inductive Signature Malfunction
ford	P1717	SSD Inductive Signature Malfunction
ford	P1718	TFT Sensor In Range Failure High
ford	P1720	Vehicle Speed Meter Circuit Malfunction
ford	P1721	Gear 1 Incorrect Ratio
ford	P1722	Gear 2 Incorrect Ratio
ford	P1723	Gear 3 Incorrect Ratio
ford	P1724	Gear 4 Incorrect Ratio
ford	P1725	Insufficient Engine Speed Increase During Self Test
ford	P1726	Insufficient Engine Speed Decrease During Self Test
ford	P1727	Coast Clutch Solenoid Inductive Signature Malfunction
ford	P1728	Transmission Slip Error
ford	P1729	4x4 Low Switch Error
ford	P1731	1-2 Shift Malfunction
ford	P1732	2-3 Shift Malfunction
ford	P1733	3-4 Shift Malfunction
ford	P1740	Transmission system problems
ford	P1741	Torque Converter Clutch Control Error
ford	P1742	Torque Converter Clutch Solenoid Faulty
ford	P1743	Torque Converter Clutch Solenoid Faulty
ford	P1744	Torque Converter Clutch System Stuck in Off Position
ford	P1745	Transmission system problems
ford	P1746	Electronic Pressure Control Solenoid A Open Circuit
ford	P1747	Electronic Pressure Control Solenoid A Short Circuit
ford	P1748	EPC Malfunction
ford	P1749	Electronic Pressure Control Solenoid Failed Low
ford	P1751	Shift Solenoid A Performance
ford	P1754	Coast Clutch Solenoid Circuit Malfunction
ford	P1756	Shift Solenoid B Performance
ford	P1760	Transmission system problems
ford	P1761	Shift Solenoid C Performance
ford	P1762	Overdrive Band Failed Off
ford	P1766	Shift Solenoid D Performance
ford	P1767	Torque Converter Clutch Circuit Malfunction
ford	P1768	Performance Normal Winter Mode Input Malfunction
ford	P1770	Clutch Solenoid Circuit Malfunction
ford	P1779	Transmission Control Indicator Lamp Circuit Malfunction
ford	P1780	Transmission Control Switch Circuit is Out of Self-Test Range
ford	P1781	4x4 Low Switch is Out of Self-Test Range
ford	P1782	P/ES Circuit Out Of Self Test Range
ford	P1783	Transmission Over-Temperature Condition
ford	P1784	Transmission Mechanical Failure First And Reverse
ford	P1785	Transmission Mechanical Failure First And Second
ford	P1786	3-2 Downshift Error
ford	P1787	2-1 Downshift Error
ford	P1788	Pressure Control Solenoid B Open Circuit
ford	P1789	Pressure Control Solenoid B Short Circuit
ford	P1795	Idle Switch Circuit Malfunction
ford	P1804	Transmission 4-Wheel Drive High Indicator Circuit Failure
ford	P1806	Transmission 4-Wheel Drive High Indicator Short Circuit To Battery
ford	P1808	Transmission 4-Wheel Drive Low Indicator Circuit Failure
ford	P1810	TFP Valve Position Switch Circuit Transmission 4-Wheel Drive Low Indicator Short Circuit To Battery
ford	P1812	Transmission 4-Wheel Drive Mode Select Circuit Failure
ford	P1815	Transmission 4-Wheel Drive Mode Select Short Circuit To Ground
ford	P1819	Transmission Neutral Safety Switch Short Circuit To Ground
ford	P1820	Transmission Transfer Case Clockwise Shift Relay Coil Circuit Failure
ford	P1822	Transmission Transfer Case Clockwise Shift Relay Coil Short Circuit To Battery
ford	P1824	Transmission 4-Wheel Drive Clutch Relay Circuit Failure
ford	P1826	Transmission 4-Wheel Drive Low Clutch Relay Circuit To Battery
ford	P1828	Transmission Transfer Case Counter Clockwise Shift Relay Coil Circuit Failure
ford	P1830	Transmission Transfer Case Counter Clockwise Shift Relay Coil Short Circuit To Battery
ford	P1832	Transmission Transfer Case Differential Lock-Up Solenoid Circuit Failure
ford	P1834	Transmission Transfer Case Differential Lock-Up Solenoid Short Circuit To Battery
ford	P1838	Transmission Transfer Case Shift Motor Circuit Failure
ford	P1846	Transmission Transfer Case Contact Plate A Circuit Failure
ford	P1850	Transmission Transfer Case Contact Plate B Circuit Failure
ford	P1854	Transmission Transfer Case Contact Plate C Circuit Failure
ford	P1858	Transmission Transfer Case Contact Plate D Circuit Failure
ford	P1866	Transmission Transfer Case System Concern Servicing Required
ford	P1867	Transmission Transfer Case Contact Plate General Circuit Failure
ford	P1876	Transmission Transfer Case 2-Wheel Drive Solenoid Circuit Failure
ford	P1877	Transmission Transfer Case 2-Wheel Drive Solenoid Circuit Short To Battery
ford	P1881	Engine Coolant Level Switch Circuit Failure GEM
ford	P1882	Engine Coolant Level Switch Circuit Short to Ground
ford	P1883	Engine Coolant Level Switch Circuit Failure GEM
ford	P1884	Engine Coolant Level Lamp Circuit Short to Ground
ford	P1891	Transmission Transfer Case Contact Plate Ground Return Open Circuit
ford	P1900	Output Shaft Speed (OSS) Circuit Intermittent Malfunction
ford	P1901	Turbine Shaft Speed (TSS) Circuit Intermittent Malfunction
ford	P1902	Kickdown Solenoid Relay Control Circuit
ford	P1903	Kickdown Solenoid Circuit Low Voltage
ford	P1904	Kickdown Solenoid Circuit High Voltage
honda	P1106	BARO Circuit Range Performance Malfunction
honda	P1107	BARO Circuit Low Input
honda	P1108	BARO Circuit High Input
honda	P1121	Throttle Position Lower Than Expected
honda	P1122	Throttle Position Higher Than Expected
honda	P1128	MAP Lower Than Expected
honda	P1129	MAP Higher Than Expected
honda	P1162	HO2S11 Circuit Fault Bank 1 Sensor 1
honda	P1163	HO2S11 Slow Response Bank 1 Sensor 1
honda	P1164	HO2S11 Circuit Fault Bank 1 Sensor 1
honda	P1165	HO2S11 Slow Response Bank 1 Sensor 1
honda	P1166	HO2S11 Heater Circuit Fault Bank 1 Sensor 1
honda	P1167	HO2S11 Heater Circuit VS+ Fault Bank 1 Sensor 1
honda	P1168	HO2S11 Label Circuit Low Voltage Fault Bank 1 Sensor 1
honda	P1169	HO2S11 Label Circuit High Voltage Fault Bank 1 Sensor 1
honda	P1201	Cylinder 1 Misfire
honda	P1202	Cylinder 2 Misfire
honda	P1203	Cylinder 3 Misfire
honda	P1204	Cylinder 4 Misfire
honda	P1205	Cylinder 5 Misfire
honda	P1206	Cylinder 6 Misfire
honda	P1241	Throttle Vent Control Motor Circuit 1 Malfunction
honda	P1242	Throttle Vent Control Motor Circuit 2 Malfunction
honda	P1243	Throttle Position Insufficient
honda	P1244	Closed Throttle Position Insufficient
honda	P1246	Accelerator Position Sensor 1 Circuit Malfunction
honda	P1247	Accelerator Position Sensor 2 Circuit Malfunction
honda	P1248	Accelerator Position Sensors 1 & 2 Improper Correlation
honda	P1253	VTEC System Circuit Fault
honda	P1259	VTEC System Malfunction Rear Bank 1
honda	P1279	VTEC System Malfunction Front Bank 2
honda	P1297	ELD Circuit Low Input
honda	P1298	Electrical Load Detector Circuit High Voltage
honda	P1300	Random Misfire
honda	P1301	Cylinder 1 Misfire
honda	P1302	Cylinder 2 Misfire
honda	P1303	Cylinder 3 Misfire
honda	P1304	Cylinder 4 Misfire
honda	P1305	Cylinder 5 Misfire
honda	P1306	Cylinder 6 Misfire
honda	P1316	Spark Plug Voltage Detection Circuit Malfunction Front Bank
honda	P1317	Spark Plug Voltage Detection Circuit Malfunction Rear Bank
honda	P1318	Spark Plug Voltage Detection Module Reset Circuit Malfunction Front Bank
honda	P1319	Spark Plug Voltage Detection Module Reset Circuit Malfunction Rear Bank
honda	P1324	Knock Sensor Power Source Circuit Low Voltage
honda	P1336	CKP Sensor B Range Performance
honda	P1337	CKP Sensor B Low Input
honda	P1359	CKP TDC Sensor Circuit Connector Disconnection
honda	P1361	TDC Sensor Intermittent Interruption
honda	P1362	TDC1 Sensor No Signal
honda	P1366	TDC2 Sensor Intermittent
honda	P1367	TDC2 Sensor No Signal
honda	P1381	CYP Sensor A Intermittent Interruption
honda	P1382	CYP Sensor A No Signal
honda	P1386	CYP Sensor B Intermittent Interruption
honda	P1387	CYP Sensor B No Signal
honda	P1456	Evaporative Emission Control System Leak Detected Fuel Tank System
honda	P1457	Evaporative Emission Control System Leak Detected Control Canister System
honda	P1459	EVAP Purge Flow Switch Malfunction
honda	P1491	EGR Valve Lift Insufficient Detected
honda	P1498	EGR Valve Lift Sensor High Voltage
honda	P1508	IAC Valve Circuit Failure
honda	P1519	IAC Valve Circuit Failure
honda	P1607	ECM Internal Circuit Failure A
honda	P1608	ECM Internal Circuit Failure B
honda	P1655	TMA or TMB Signal Line Fault
honda	P1656	Automatic Transmission System Malfunction
honda	P1660	A/T FI Data Line Failure
honda	P1671	A/T FI Data Line No Signal
honda	P1672	A/T FI Data Line Failure
honda	P1676	Traction Control System FI Data Line No Signal
honda	P1677	Traction Control System FI Data Line Failure
honda	P1678	FPTDR Signal Line Failure
honda	P1681	A/T FI Signal A Low Input
honda	P1682	A/T FI Signal A High Input
honda	P1686	A/T FI Signal B Low Input
honda	P1687	A/T FI Signal B High Input
honda	P1690	Traction Control System STB Line Failure
honda	P1696	Traction Control Fuel Cut Signal Low Input
honda	P1697	Traction Control Fuel Cut Signal High Input
honda	P1705	TCM A/T Gear Position Switch Circuit Shorted
honda	P1706	TCM A/T Gear Position Switch Circuit Open
honda	P1709	Automatic Transmission System Malfunction
honda	P1738	Automatic Transmission System Malfunction
honda	P1739	Automatic Transmission System Malfunction
honda	P1753	TCM A/T ECT Sensor Circuit Fault
honda	P1753	TCM A/T Lockup Solenoid Valve "A" Fault
honda	P1758	TCM A/T Lockup Solenoid Valve "B" Fault
honda	P1768	Automatic Transmission System Malfunction
honda	P1773	Automatic Transmission System Malfunction
honda	P1788	Automatic Transmission System Malfunction
honda	P1790	TCM A/T TP Sensor Circuit Fault
honda	P1791	TCM A/T Vehicle Speed Sensor Circuit Fault
honda	P1793	Automatic Transmission System Malfunction
honda	P1795	Automatic Transmission System Malfunction
infiniti	P1106	BARO Circuit Range Performance Malfunction
infiniti	P1107	BARO Circuit Low Input
infiniti	P1108	BARO Circuit High Input
infiniti	P1121	Throttle Position Lower Than Expected
infiniti	P1122	Throttle Position Higher Than Expected
infiniti	P1128	MAP Lower Than Expected
infiniti	P1129	MAP Higher Than Expected
infiniti	P1162	HO2S11 Circuit Fault Bank 1 Sensor 1
infiniti	P1163	HO2S11 Slow Response Bank 1 Sensor 1
infiniti	P1164	HO2S11 Circuit Fault Bank 1 Sensor 1
infiniti	P1165	HO2S11 Slow Response Bank 1 Sensor 1
infiniti	P1166	HO2S11 Heater Circuit Fault Bank 1 Sensor 1
infiniti	P1167	HO2S11 Heater Circuit VS+ Fault Bank 1 Sensor 1
infiniti	P1168	HO2S11 Label Circuit Low Voltage Fault Bank 1 Sensor 1
infiniti	P1169	HO2S11 Label Circuit High Voltage Fault Bank 1 Sensor 1
infiniti	P1201	Cylinder 1 Misfire
infiniti	P1202	Cylinder 2 Misfire
infiniti	P1203	Cylinder 3 Misfire
infiniti	P1204	Cylinder 4 Misfire
infiniti	P1205	Cylinder 5 Misfire
infiniti	P1206	Cylinder 6 Misfire
infiniti	P1241	Throttle Vent Control Motor Circuit 1 Malfunction
infiniti	P1242	Throttle Vent Control Motor Circuit 2 Malfunction
infiniti	P1243	Throttle Position Insufficient
infiniti	P1244	Closed Throttle Position Insufficient
infiniti	P1246	Accelerator Position Sensor 1 Circuit Malfunction
infiniti	P1247	Accelerator Position Sensor 2 Circuit Malfunction
infiniti	P1248	Accelerator Position Sensors 1 & 2 Improper Correlation
infiniti	P1253	VTEC System Circuit Fault
infiniti	P1259	VTEC System Malfunction Rear Bank 1
infiniti	P1279	VTEC System Malfunction Front Bank 2
infiniti	P1297	ELD Circuit Low Input
infiniti	P1298	Electrical Load Detector Circuit High Voltage
infiniti	P1300	Random Misfire
infiniti	P1301	Cylinder 1 Misfire
infiniti	P1302	Cylinder 2 Misfire
infiniti	P1303	Cylinder 3 Misfire
infiniti	P1304	Cylinder 4 Misfire
infiniti	P1305	Cylinder 5 Misfire
infiniti	P1306	Cylinder 6 Misfire
infiniti	P1316	Spark Plug Voltage Detection Circuit Malfunction Front Bank
infiniti	P1317	Spark Plug Voltage Detection Circuit Malfunction Rear Bank
infiniti	P1318	Spark Plug Voltage Detection Module Reset Circuit Malfunction Front Bank
infiniti	P1319	Spark Plug Voltage Detection Module Reset Circuit Malfunction Rear Bank
infiniti	P1324	Knock Sensor Power Source Circuit Low Voltage
infiniti	P1336	CKP Sensor B Range Performance
infiniti	P1337	CKP Sensor B Low Input
infiniti	P1359	CKP TDC Sensor Circuit Connector Disconnection
infiniti	P1361	TDC Sensor Intermittent Interruption
infiniti	P1362	TDC1 Sensor No Signal
infiniti	P1366	TDC2 Sensor Intermittent
infiniti	P1367	TDC2 Sensor No Signal
infiniti	P1381	CYP Sensor A Intermittent Interruption
infiniti	P1382	CYP Sensor A No Signal
infiniti	P1386	CYP Sensor B Intermittent Interruption
infiniti	P1387	CYP Sensor B No Signal
infiniti	P1456	Evaporative Emission Control System Leak Detected Fuel Tank System
infiniti	P1457	Evaporative Emission Control System Leak Detected Control Canister System
infiniti	P1459	EVAP Purge Flow Switch Malfunction
infiniti	P1491	EGR Valve Lift Insufficient Detected
infiniti	P1498	EGR Valve Lift Sensor High Voltage
infiniti	P1508	IAC Valve Circuit Failure
infiniti	P1519	IAC Valve Circuit Failure
infiniti	P1607	ECM Internal Circuit Failure A
infiniti	P1608	ECM Internal Circuit Failure B
infiniti	P1655	TMA or TMB Signal Line Fault
infiniti	P1656	Automatic Transmission System Malfunction
infiniti	P1660	A/T FI Data Line Failure
infiniti	P1671	A/T FI Data Line No Signal
infiniti	P1672	A/T FI Data Line Failure
infiniti	P1676	Traction Control System FI Data Line No Signal
infiniti	P1677	Traction Control System FI Data Line Failure
infiniti	P1678	FPTDR Signal Line Failure
infiniti	P1681	A/T FI Signal A Low Input
infiniti	P1682	A/T FI Signal A High Input
infiniti	P1686	A/T FI Signal B Low Input
infiniti	P1687	A/T FI Signal B High Input
infiniti	P1690	Traction Control System STB Line Failure
infiniti	P1696	Traction Control Fuel Cut Signal Low Input
infiniti	P1697	Traction Control Fuel Cut Signal High Input
infiniti	P1705	TCM A/T Gear Position Switch Circuit Shorted
infiniti	P1706	TCM A/T Gear Position Switch Circuit Open
infiniti	P1709	Automatic Transmission System Malfunction
infiniti	P1738	Automatic Transmission System Malfunction
infiniti	P1739	Automatic Transmission System Malfunction
infiniti	P1753	TCM A/T ECT Sensor Circuit Fault
infiniti	P1753	TCM A/T Lockup Solenoid Valve "A" Fault
infiniti	P1758	TCM A/T Lockup Solenoid Valve "B" Fault
infiniti	P1768	Automatic Transmission System Malfunction
infiniti	P1773	Automatic Transmission System Malfunction
infiniti	P1788	Automatic Transmission System Malfunction
infiniti	P1790	TCM A/T TP Sensor Circuit Fault
infiniti	P1791	TCM A/T Vehicle Speed Sensor Circuit Fault
infiniti	P1793	Automatic Transmission System Malfunction
infiniti	P1795	Automatic Transmission System Malfunction
jaguar	P1000	OBD Systems Readiness Test Not Complete
jaguar	P1104	Mass Air Flow Sensor Circuit Ground
jaguar	P1111	System Pass
jaguar	P1121	Pedal Position Sensor A Circuit Range Performance
jaguar	P1122	Pedal Position Sensor A Circuit Low Input
jaguar	P1123	Pedal Position Sensor A Circuit High Input
jaguar	P1136	Control Box Fan Circuit
jaguar	P1137	Lack Of HO2S12 Switches Sensor Indicates Lean
jaguar	P1138	Lack Of HO2S12 Switches Sensor Indicates Rich
jaguar	P1143	Air Assisted Injector Control Valve Range Performance
jaguar	P1144	Air Assisted Injector Control Valve Circuit
jaguar	P1157	Lack Of HO2S22 Switches Sensor Indicates Lean
jaguar	P1158	Lack Of HO2S22 Switches Sensor Indicates Rich
jaguar	P1171	System Too Lean Banks 1 And 2 (Lean Fuel Fault)
jaguar	P1172	System Too Rich Banks 1 And 2 (Rich Fuel Fault)
jaguar	P1174	System Too Lean Banks 1 And 2 (Suspect HO2S)
jaguar	P1175	System Too Rich Banks 1 And 2 (Suspect HO2S)
jaguar	P1176	Long Term Fuel Trim Too Lean Banks 1 And 2 (FMFR)
jaguar	P1177	Long Term Fuel Trim Too Rich Banks 1 And 2 (FMFR)
jaguar	P1178	Long Term Fuel Trim Too Lean Banks 1 And 2 (AMFR)
jaguar	P1179	Long Term Fuel Trim Too Rich Banks 1 And 2 (AMFR)
jaguar	P1185	O2 Sensor Heater Circuit Open, Hardware Fault
jaguar	P1186	O2 Sensor Heater Circuit Shorted, Hardware Fault
jaguar	P1187	O2 Sensor Heater Circuit Open, Inferred Fault
jaguar	P1188	O2 Sensor Heater Circuit Resistance
jaguar	P1189	O2 Sensor Heater Circuit Low Resistance Fault 1
jaguar	P1190	O2 Sensor Heater Circuit Low Resistance Fault 2
jaguar	P1191	O2 Sensor Heater Circuit Open, HArdware Fault
jaguar	P1192	O2 Sensor Heater Circuit Shorted
jaguar	P1193	O2 Sensor Heater Circuit Open, Inferred Fault
jaguar	P1194	O2 Sensor Heater Circuit Resistance Fault
jaguar	P1195	O2 Sensor Heater Circuit Low Resistance Fault 1
jaguar	P1196	O2 Sensor Heater Circuit Low Resistance Fault 2
jaguar	P1198	Fuel Level Input Circuit High
jaguar	P1199	Fuel Level Input Circuit Low
jaguar	P1201	Cylinder 1 Injector Circuit Open/Shorted
jaguar	P1202	Cylinder 2 Injector Circuit Open/Shorted
jaguar	P1203	Cylinder 3 Injector Circuit Open/Shorted
jaguar	P1204	Cylinder 4 Injector Circuit Open/Shorted
jaguar	P1205	Cylinder 5 Injector Circuit Open/Shorted
jaguar	P1206	Cylinder 6 Injector Circuit Open/Shorted
jaguar	P1207	Cylinder 7 Injector Circuit Open/Shorted
jaguar	P1208	Cylinder 8 Injector Circuit Open/Shorted
jaguar	P1221	Pedal Demand Sensor B Circuit Range Performance
jaguar	P1224	Electronic Throttle Control Position Error
jaguar	P1226	Mechanical Guard Circuit Range Performance
jaguar	P1227	Mechanical Guard Circuit Low Input
jaguar	P1228	Mechanical Guard Circuit High Input
jaguar	P1229	Electronic Throttle Control Circuit
jaguar	P1230	Fuel Pump Relay
jaguar	P1235	VSV 1/2/3 Circuit Range Performance
jaguar	P1236	VSV 1 Circuit
jaguar	P1237	VSV 2 Circuit
jaguar	P1238	VSV 3 Circuit
jaguar	P1240	Sensor Power Supply
jaguar	P1241	Sensor Power Supply Low Input
jaguar	P1242	Sensor Power Supply High Input
jaguar	P1243	Analog Ground
jaguar	P1245	Crank Signal Low Input
jaguar	P1246	Crank Signal High Input
jaguar	P1250	Throttle Valve Spring
jaguar	P1251	Throttle Position
jaguar	P1252	VSV Stuck On VA/VV
jaguar	P1253	VSV Stuck On VR
jaguar	P1260	Theft Detected Vehicle Immobilized
jaguar	P1313	Misfire Rate Catalyst Damage Fault Bank 1
jaguar	P1314	Misfire Rate Catalyst Damage Fault Bank 2
jaguar	P1315	Persistent Misfire
jaguar	P1316	Misfire Rate Exceeds Emissions
jaguar	P1336	Crankshaft Camshaft Sensor Range Performance
jaguar	P1340	Camshaft Position Sensor B Circuit
jaguar	P1341	Camshaft Position Sensor B Circuit Range Performance
jaguar	P1361	Ignition Coil Cylinder 1 No Activation
jaguar	P1362	Ignition Coil Cylinder 2 No Activation
jaguar	P1363	Ignition Coil Cylinder 3 No Activation
jaguar	P1364	Ignition Coil Cylinder 4 No Activation
jaguar	P1365	Ignition Coil Cylinder 5 No Activation
jaguar	P1366	Ignition Coil Cylinder 6 No Activation
jaguar	P1367	Ignition System Failure Group 1
jaguar	P1368	Ignition System Failure Group 2
jaguar	P1370	Insufficient RPM Increase During Spark Test
jaguar	P1371	Ignition Coil Cylinder 1 Early Activation Fault
jaguar	P1372	Ignition Coil Cylinder 2 Early Activation Fault
jaguar	P1373	Ignition Coil Cylinder 3 Early Activation Fault
jaguar	P1374	Ignition Coil Cylinder 4 Early Activation Fault
jaguar	P1375	Ignition Coil Cylinder 5 Early Activation Fault
jaguar	P1376	Ignition Coil Cylinder 6 Early Activation Fault
jaguar	P1384	Variable Valve Timing Solenoid A Circuit
jaguar	P1392	Variable Valve Timing Solenoid A Circuit Low Input
jaguar	P1393	Variable Valve Timing Solenoid A Circuit High Input
jaguar	P1396	Variable Valve Timing Solenoid B Circuit
jaguar	P1397	Variable Valve Timing Solenoid B Circuit Low Input
jaguar	P1398	Variable Valve Timing Solenoid B Circuit High Input
jaguar	P1400	Exhaust Gas Recirculation Valve Postion Control
jaguar	P1401	Exhaust Gas Recirculation Valve Postion Circuit
jaguar	P1408	Exhaust Gas Recirculation Thermister
jaguar	P1409	Exhaust Gas Recirculation Valve Circuit
jaguar	P1440	Purge Valve Stuck Open
jaguar	P1441	ELC System 1
jaguar	P1447	ELC System Closure Valve Flow
jaguar	P1448	ELC System 2
jaguar	P1453	Fuel Tank Pressure Relief Valve Malfunction
jaguar	P1454	Evaporative Emission Control System Vacuum Test
jaguar	P1475	Fan Relay Low Circuit
jaguar	P1476	Fan Relay High Circuit
jaguar	P1508	Idle Air Control Circuit Open
jaguar	P1509	Idle Air Control Circuit Shorted
jaguar	P1514	High Load Neutral Drive Fault
jaguar	P1516	Gear Change Neutral Drive Fault
jaguar	P1517	Cranking Neutral Drive Fault
jaguar	P1534	Restraint Deployment Indicator Circuit
jaguar	P1565	Speed Control Command Switch Out Of Range High
jaguar	P1566	Speed Control Command Switch Out Range Low
jaguar	P1567	Speed Control Output Circuit
jaguar	P1568	Speed Control Unable To Hold Speed
jaguar	P1571	Brake Switch
jaguar	P1582	Electronic Throttle Monitor Data Available
jaguar	P1600	Loss Of Kam Power Circuit Open
jaguar	P1603	EEPROM Malfunction
jaguar	P1605	Keep Alive Memory Test Failure
jaguar	P1606	ECM Control Relay Output Circuit
jaguar	P1607	MIL Output Circuit
jaguar	P1608	Watchdog Malfunction
jaguar	P1609	Internal Control Module CPU To CPU Communication Failure
jaguar	P1611	Throttle Target Malfunction 1
jaguar	P1612	Throttle Offset Malfunction
jaguar	P1637	CAN Link ECM ABS Control Module Circuit Network
jaguar	P1638	CAN Link ECM INSTM Circuit Network
jaguar	P1641	Fuel Pump Primary Circuit
jaguar	P1642	CAN Link Circuit
jaguar	P1643	CAN Link Engine Control Module Transmission Control Module Circuit Network
jaguar	P1646	Linear O2 Sensor Control Chip Bank 1
jaguar	P1647	Linear O2 Sensor Control Chip Bank 2
jaguar	P1648	Knock Sensor Input Chip
jaguar	P1696	CAN Link Engine Control Module Cruise Control Module Circuit Network
jaguar	P1697	Cruise Control Distance Control Input Circuit
jaguar	P1700	Transmission Indeterminate Failure Failed To Neutral
jaguar	P1720	Vehicle Speed Meter Circuit
jaguar	P1722	Stall Speed
jaguar	P1726	Engine Overspeed
jaguar	P1730	Gear Control Malfunction 2 3 5
jaguar	P1731	Inconsistent Gear Ratio
jaguar	P1734	Gear Control Malfunction
jaguar	P1745	Pressure Regulator 1
jaguar	P1746	Pressure Regulator 2
jaguar	P1747	Pressure Regulator 3
jaguar	P1748	Pressure Regulator 5
jaguar	P1758	Pressure Solenoid Control System Incorrect Current
jaguar	P1775	Transmission System MIL Fault
jaguar	P1776	Ignition Retard Request Duration
jaguar	P1777	Ignition Retard Request Circuit
jaguar	P1778	Transmission Reverse IP Circuit
jaguar	P1779	Load Control
jaguar	P1789	Ignition Supply Malfunction
jaguar	P1790	Ignition Supply Malfunction
jaguar	P1791	Ignition Supply Malfunction
jaguar	P1792	Ignition Supply Malfunction
jaguar	P1793	Ignition Supply Malfunction
jaguar	P1794	Battery Voltage Circuit
jaguar	P1795	Inconsistent CAN Level
jaguar	P1796	CAN Controller Circuit Bus Off
jaguar	P1797	CAN TCM ECM Circuit Malfunction
jaguar	P1798	CAN TCM INST Circuit Malfunction
jeep	P1105	Open Or Shorted Condition Detected In The Baro Read Solenoid Control Circuit
jeep	P1192	Inlet Air Temp. Circuit Low
jeep	P1193	Inlet Air Temp. Circuit High
jeep	P1194	Incorrect Or Irrational Performance Has Been Detected For The PWM
jeep	P1195	O2 Sensor 1/1 (Bank 1 Sensor 1) Slow During Catalyst Monitor
jeep	P1196	O2 Sensor 2/1 (Bank 2 Sensor 1) Slow During Catalyst Monitor
jeep	P1197	O2 Sensor 1/2 (Bank 1 Sensor 2) Slow During Catalyst Monitor
jeep	P1198	Radiator Temperature Sensor Voltage Too High
jeep	P1199	Radiator Temperature Sensor Voltage Too Low
jeep	P1243	Open Or Shorted Condition Detected In The Turbocharger Surge Valve Solenoid Control
jeep	P1280	Open Or Shorted Condition Detected In The Fuel System Relay Control Circuit
jeep	P1281	Engine Operating Temp Below Acceptable Range
jeep	P1282	Fuel Pump Relay Control Circuit Open Or Shorted
jeep	P1283	Idle Select Signal Invalid
jeep	P1284	Fuel Injection Pump Battery Voltage Out Of Range
jeep	P1285	Fuel Injection Pump Controller Always On
jeep	P1286	Accelerator Pedal Position Sensor Supply Voltage Too High
jeep	P1287	Fuel Injection Pump Controller Supply Voltage Low
jeep	P1288	Intake Manifold Short Runner Solenoid Circuit Open Or Shorted
jeep	P1289	Manifold Tune Valve Solenoid Circuit Open Or Shorted
jeep	P1290	CNG Fuel Pressure Too High
jeep	P1291	No Temp Rise Seen From Fuel Heaters
jeep	P1292	CNG Pressure Sensor Voltage Too High
jeep	P1293	CNG Pressure Sensor Voltage Too Low
jeep	P1294	Target Idle Not Reached
jeep	P1295	Loss Of 5 Volts To TP Sensor
jeep	P1296	Loss Of 5 Volts To MAP Sensor
jeep	P1297	No Change In MAP From Start To Run
jeep	P1298	Lean Operation At Wide Open Throttle
jeep	P1299	Vacuum Leak Found (IAC Fully Seated)
jeep	P1388	Auto Shutdown (ASD) Relay Control Circuit Open Or Shorted
jeep	P1389	No Auto Shutdown (ASD) Relay Output Voltage At PCM
jeep	P1390	Timing Belt Skipped One Tooth Or More
jeep	P1391	Intermittent Loss of CMP Or CKP
jeep	P1398	PCM Is Unable To Learn The Crankshaft Position Sensor's Signal
jeep	P1399	Wait To Start Lamp Circuit Open Or Shorted
jeep	P1403	Loss Of 5 Volts To EGR Sensor
jeep	P1475	Auxiliary 5 Volt Output Too High
jeep	P1476	Too Little Secondary Air
jeep	P1477	Too Much Secondary Air
jeep	P1478	Battery Temp Sensor Voltage Out Of Limit
jeep	P1479	Transmission Fan Relay Circuit Open Or Shorted
jeep	P1480	Open Or Shorted Condition Detected In The Positive Crankcase Ventilation (PCV
jeep	P1480	PCV Solenoid Valve Open Or Shorted
jeep	P1481	EATX RPM Pulse Generator Signal For Misfire Detection
jeep	P1482	Catalyst Temperature Sensor Circuit Shorted Low
jeep	P1483	Catalyst Temperature Sensor Circuit Shorted High
jeep	P1484	Catalytic Converter Overheat Detected
jeep	P1485	Air Injection Solenoid Circuit Open Or Shorted
jeep	P1486	Evap Leak Monitor Pinched Hose
jeep	P1487	Hi Speed Rad Fan CTRL Relay Circuit Open Or Shorted
jeep	P1488	Auxiliary 5 Volt Supply Output Too Low
jeep	P1489	High Speed Fan CTRL Relay Circuit Open Or Shorted
jeep	P1490	Low Speed Fan CTRL Relay Circuit Open Or Shorted
jeep	P1491	Radiator Fan Control Relay Circuit Open Or Shorted
jeep	P1492	Battery Temperature Sensor Voltage Too High
jeep	P1493	Battery Temperature Sensor Voltage Too Low
jeep	P1494	Leak Detection Pump Switch Or Mechanical Fault
jeep	P1495	Leak Detection Pump Solenoid Circuit Open Or Shorted
jeep	P1496	5 Volt Supply Output Too Low
jeep	P1498	High Speed Rad Fan Ground CTRL Rly Circuit
jeep	P1499	Open Or Shorted Condition Detected In The Hydraulic Cooling Fan Solenoid Control
jeep	P1594	Charging System Voltage Too High
jeep	P1595	Speed Control Solenoid Circuit Open Or Shorted
jeep	P1596	Speed Control Switch Always High
jeep	P1597	Speed Control Switch Always Low
jeep	P1598	A/C Pressure Sensor Voltage Too High
jeep	P1599	A/C Pressure Sensor Voltage Too Low
jeep	P1602	PCM Not Programmed
jeep	P1680	Clutch Released Switch Circuit Open Or Shorted
jeep	P1681	No Instrument Panel Cluster CCD/J1850 Messages Received
jeep	P1682	Charging System Voltage Too Low
jeep	P1683	Speed Control Power Relay Or Speed Control 12 Volt Driver Circuit Open Or Shorted
jeep	P1684	Battery Disconnected Within Last 50 Starts
jeep	P1685	Skim Invalid Key
jeep	P1686	No SKIM Bus Message Received
jeep	P1687	No Cluster Bus Message
jeep	P1688	Internal Fuel Injection Pump Controller Failure
jeep	P1689	No Communication Between ECM & Injection Pump Module
jeep	P1690	Fuel Injection Pump CKP Sensor Does Not Agree With ECM CKP Sensor
jeep	P1691	Fuel Injection Pump Controller Calibration Failure
jeep	P1693	DTC Detected In ECM Or PCM
jeep	P1694	No CCD Messages Received From ECM
jeep	P1695	No CCD/J1850 Message From BCM
jeep	P1696	PCM Failure EEPROM Write Denied
jeep	P1697	PCM Failure SRI Mile Not Stored
jeep	P1698	No CCD Messages Received From PCM
jeep	P1699	No CCD/J1850 Messages Received From The Climate Control Module (CCM)
jeep	P1719	Skip Shift Solenoid Circuit Open Or Shorted
jeep	P1740	TCC Or OD Solenoid Performance
jeep	P1756	Governor Pressure Not Equal To Target At 15 20 PSI
jeep	P1757	Governor Pressure Above 3 PSI When Request Is 0 PSI
jeep	P1762	Governor Pressure Sensor Offset Improper Voltage
jeep	P1763	Governor Pressure Sensor Voltage Too High
jeep	P1764	Governor Pressure Sensor Voltage Too Low
jeep	P1765	Trans 12 Volt Supply Relay Control Circuit Open Or Shorted
jeep	P1830	Open Or Shorted Condition Detected In The Clutch Pedal Switch Over-Ride Relay Control
jeep	P1899	Park Neutral Position Switch Stuck In Park or In Gear
kia	P1102	HO2S11 Heater Circuit High Voltage
kia	P1105	HO2S12 Heater Circuit High Voltage
kia	P1115	H02S12 Heater Circuit Low Voltage
kia	P1117	HO2S12 Heater Circuit Low Voltage
kia	P1123	Long Term Fuel Trim Adaptive Air System Low
kia	P1124	Long Term Fuel Trim Adaptive Air System High
kia	P1127	Long Term Fuel Trim Multiplicative Air System Low
kia	P1128	Long Term Fuel Trim Multiplicative Air System High
kia	P1140	Load Calculation Cross Check
kia	P1170	HO2S11 Circuit Voltage Stuck At Mid-Range
kia	P1195	EGR Boost Or Pressure Sensor Circuit Fault
kia	P1196	Ignition Switch Start Circuit Fault
kia	P1213	Fuel Injector 1 Circuit High Voltage
kia	P1214	Fuel Injector 2 Circuit High Voltage
kia	P1215	Fuel Injector 3 Circuit High Voltage
kia	P1216	Fuel Injector 4 Circuit High Voltage
kia	P1225	Fuel Injector 1 Circuit Low Voltage
kia	P1226	Fuel Injector 2 Circuit Low Voltage
kia	P1227	Fuel Injector 3 Circuit Low Voltage
kia	P1228	Fuel Injector 4 Circuit Low Voltage
kia	P1250	Pressure Regulator Control Solenoid Valve Open Or Short
kia	P1252	Pressure Regulator Control Solenoid Valve No. 2 Circuit Malfunction
kia	P1307	Chassis Acceleration Sensor Signal Malfunction
kia	P1308	Chassis Acceleration Sensor Signal Low
kia	P1309	Chassis Acceleration Sensor Signal High
kia	P1345	No SGC Signal 1.6L
kia	P1386	Knock Sensor Control Zero Test
kia	P1401	EGR Control Solenoid Circuit Signal Low
kia	P1402	EGR Control Solenoid Circuit Signal High
kia	P1410	EVAP Purge Control Solenoid Circuit High Voltage
kia	P1412	EGR Differential Pressure Sensor Signal Low
kia	P1413	EGR Differential Pressure Sensor Signal High
kia	P1425	EVAP Purge Control Solenoid Circuit Low Voltage
kia	P1449	Canister Drain Cut Valve Open Or Short 1.8L
kia	P1450	Excessive Vacuum Leak
kia	P1455	Fuel Tank Sending Unit Open Or Short 1.8L
kia	P1457	Purge Solenoid Valve Low System Malfunction
kia	P1458	A/C Compressor Clutch Signal Fault
kia	P1485	EGR Vent Control Solenoid Circuit Fault
kia	P1486	EGR Vacuum Control Solenoid Circuit Fault
kia	P1487	EGR Boost Sensor Solenoid Circuit Fault
kia	P1496	EGR Stepper Motor Malfunction Circuit 1 1.8L
kia	P1497	EGR Stepper Motor Malfunction Circuit 2 1.8L
kia	P1498	EGR Stepper Motor Malfunction Circuit 3 1.8L
kia	P1499	EGR Stepper Motor Malfunction Circuit 4 1.8L
kia	P1500	No Vehicle Speed Signal to TCM
kia	P1505	Idle Air Control Valve Opening Coil Voltage Low
kia	P1506	Idle Air Control Valve Opening Coil Voltage High
kia	P1507	Idle Air Control Valve Closing Coil Voltage Low
kia	P1508	Idle Air Control Valve Closing Coil Voltage High
kia	P1510	Idle Air Control Valve Closing Coil High Voltage
kia	P1513	Idle Air Control Valve Closing Coil Low Voltage
kia	P1515	A/T To M/T Codification
kia	P1523	VICS Solenoid Valve
kia	P1552	Idle Air Control Valve Opening Coil Low Voltage
kia	P1553	Idle Air Control Valve Opening Coil High Voltage
kia	P1586	A/T To M/T Codification
kia	P1606	Chassis Accelerator Sensor Signal Circuit Fault
kia	P1608	PCM Malfunction
kia	P1611	MIL Request Circuit Voltage Low
kia	P1614	MIL Request Circuit Voltage High
kia	P1616	Chassis Accelerator Sensor Signal Low Voltage
kia	P1617	Chassis Accelerator Sensor Signal High Voltage
kia	P1624	TCM To PCM MIL Request Signal Circuit Fault
kia	P1631	Alternator T Open Or No Power Output 1.8L
kia	P1632	Battery Voltage Detection Circuit for Alternator Regulator 1.8L
kia	P1633	Battery Overcharge
kia	P1634	Alternator B Open 1.8L
kia	P1655	Unused Power Stage 'B'
kia	P1660	Power Stage Group 'B'
kia	P1665	Power Stage Group 'A'
kia	P1693	MIL Circuit Malfunction
kia	P1743	Torque Converter Clutch Solenoid Valve Open Or Short
kia	P1794	Battery Or Circuit Failure
kia	P1795	4WD Switch Signal Malfunction
kia	P1797	Clutch Pedal Switch MT Or P/N Switch Circuit Fault
lexus	P1100	BARO Sensor Circuit Malfunction
lexus	P1120	Accelerator Pedal Position Sensor Circuit Malfunction
lexus	P1121	Accelerator Pedal Position Sensor Range Performance Problem
lexus	P1125	Throttle Control Motor Circuit Malfunction
lexus	P1126	Magnetic Clutch Circuit Malfunction
lexus	P1127	ECTS Actuator Power Source Circuit Malfunction
lexus	P1128	Throttle Control Motor Lock Malfunction
lexus	P1129	Electronic Throttle Control System
lexus	P1130	Air/Fuel Ratio Sensor Circuit Range Performance Malfunction Bank 1 Sensor 1
lexus	P1133	Air/Fuel Ratio Sensor Circuit Response Malfunction Bank 1 Sensor 1
lexus	P1135	Air/Fuel Ratio Sensor Heater Circuit Malfunction Bank 1 Sensor 1
lexus	P1150	Air/Fuel Ratio Sensor Circuit Range Performance Malfunction Bank 2 Sensor 1
lexus	P1153	Air/Fuel Ratio Sensor Circuit Response Malfunction Bank 2 Sensor 1
lexus	P1155	Air/Fuel Ratio Sensor Heater Circuit Malfunction Bank 1 Sensor 1
lexus	P1200	Fuel Pump Relay ECU Circuit Malfunction
lexus	P1300	Igniter Circuit Malfunction Bank 1 Or No 1
lexus	P1305	Igniter Circuit Malfunction Bank 2 Or No 2
lexus	P1310	Igniter Circuit Malfunction No 3
lexus	P1315	Igniter Circuit Malfunction No 4
lexus	P1320	Igniter Circuit Malfunction No 5
lexus	P1325	Igniter Circuit Malfunction No 6
lexus	P1330	Igniter Circuit Malfunction No 7
lexus	P1335	CKP Sensor Circuit Malfunction During Engine Running
lexus	P1340	Igniter Circuit Malfunction No 8
lexus	P1345	VVT Sensor Circuit Malfunction Bank 1
lexus	P1346	VVT Sensor Range Performance Problem Bank 1
lexus	P1349	VVT System Malfunction Bank 1
lexus	P1350	VVT Sensor Circuit Malfunction Bank 2
lexus	P1351	VVT Sensor Range Performance Problem Bank 2
lexus	P1354	VVT System Malfunction Bank 2
lexus	P1400	Sub-TP Sensor Malfunction
lexus	P1401	EGR Valve Position Sensor Circuit Malfunction
lexus	P1410	EGR Valve Position Sensor Circuit Malfunction
lexus	P1411	EGR Valve Position Sensor Circuit Range Performance Malfunction
lexus	P1500	Starter Signal Circuit Malfunction
lexus	P1510	Intake Air Volume Too Low With Supercharger On
lexus	P1520	Stop Lamp Switch Malfunction
lexus	P1565	Cruise Control Main Switch Circuit Malfunction
lexus	P1566	Cruise Control Main Switch Circuit Malfunction
lexus	P1600	ECM BATT Malfunction
lexus	P1605	Knock Control CPU Malfunction
lexus	P1633	ECM Malfunction ETCS Circuit
lexus	P1645	Body ECU Malfunction
lexus	P1656	OCV Circuit Malfunction Bank 1
lexus	P1663	OCV Circuit Malfunction Bank 2
lexus	P1700	Vehicle Speed Meter Circuit Fault
lexus	P1705	Direct Clutch Speed Circuit Fault
lexus	P1765	Linear Shift Solenoid Circuit Fault
lexus	P1780	PNP Switch Malfunction
lincoln	P1000	OBD System Readiness Test Not Complete
lincoln	P1001	KOER Test Cannot Be Completed
lincoln	P1039	Vehicle Speed Signal Missing or Improper
lincoln	P1051	Brake Switch Signal Missing or Improper
lincoln	P1100	Mass Air Flow Sensor Intermittent
lincoln	P1101	Mass Air Flow Sensor Out of Self-Test Range
lincoln	P1105	Dual Alternator Upper Fault
lincoln	P1106	Dual Alternator Lower Fault Manifold Absolute Pressure (MAP) Sensor Circuit Intermittent High Voltage
lincoln	P1107	Dual Alternator Lower Circuit Malfunction Manifold Absolute Pressure (MAP) Sensor Circuit Intermittent Low Voltage
lincoln	P1108	Dual Alternator Battery Lamp Circuit Malfunction
lincoln	P1109	IAT B Sensor Intermittent
lincoln	P1111	System Pass
lincoln	P1112	Intake Air Temperature Sensor Intermittent
lincoln	P1114	Engine Coolant Temperature (ECT) Sensor Circuit Intermittent Low Voltage IAT B Circuit Low Input
lincoln	P1115	Engine Coolant Temperature (ECT) Sensor Circuit Intermittent High Voltage IAT B Circuit High Input
lincoln	P1116	Engine Coolant Temperature Sensor is Out of Self-Test Range
lincoln	P1117	Engine Coolant Temperature Sensor Intermittent
lincoln	P1118	Manifold Absolute Temperature Circuit Low Input
lincoln	P1119	Manifold Absolute Temperature Circuit High Input
lincoln	P1120	Throttle Position Sensor Out of Range
lincoln	P1121	Throttle Position Sensor Inconsistent with Mass Air Flow Sensor
lincoln	P1122	Throttle Position TP Sensor Circuit Intermittent Low Voltage
lincoln	P1123	Throttle Position Sensor In Range But Higher Than Expected
lincoln	P1124	Throttle Position Sensor Out of Self-Test Range
lincoln	P1125	Throttle Position Sensor Intermittent
lincoln	P1127	Exhaust Not Warm Enough Downstream O2 Sensor Not Tested
lincoln	P1128	Upstream Heated Oxygen Sensor Signals Reversed
lincoln	P1129	Downstream Heated Oxygen Sensor Signals Reversed
lincoln	P1130	Lack of Upstream Heated Oxygen Sensor Switch Adaptive Fuel Limit Bank 1
lincoln	P1131	Lack of Upstream Heated Oxygen Sensor Switch Sensor Indicates Lean Bank 1
lincoln	P1132	Lack of Upstream Heated Oxygen Sensor Switch Sensor Indicates Rich Bank 1
lincoln	P1133	Bank 1 Fuel Control Shifted Lean
lincoln	P1134	Bank 1 Fuel Control Shifted Rich
lincoln	P1135	Pedal Position Sensor A Circuit Intermittent
lincoln	P1137	Lack of Downstream Heated Oxygen Sensor Switch Sensor Indicates Lean Bank 1
lincoln	P1138	Lack of Downstream Heated Oxygen Sensor Switch Sensor Indicates Rich Bank 1
lincoln	P1139	Water In Fuel Indicator Circuit Malfunction
lincoln	P1140	Water In Fuel Condition
lincoln	P1141	Fuel Restriction Indicator Circuit Malfunction
lincoln	P1142	Fuel Restriction Condition
lincoln	P1150	Lack of Upstream Heated Oxygen Sensor Switch Adaptive Fuel Limit Bank 2
lincoln	P1151	Lack of Upstream Heated Oxygen Sensor Switch Sensor Indicates Lean Bank 2
lincoln	P1152	Lack of Upstream Heated Oxygen Sensor Switch Sensor Indicates Rich Bank 2
lincoln	P1153	Bank 2 Fuel Control Shifted Lean
lincoln	P1154	Bank 2 Fuel Control Shifted Rich
lincoln	P1155	Alternative Fuel Controller
lincoln	P1157	Lack of Downstream Heated Oxygen Sensor Switch Sensor Indicates Lean Bank 2
lincoln	P1158	Lack of Downstream Heated Oxygen Sensor Switch Sensor Indicates Rich Bank 2
lincoln	P1168	Fuel Rail Sensor In-Range Low Failure
lincoln	P1169	Fuel Rail Sensor In-Range High Failure
lincoln	P1170	ESO Engine Shut Off Solenoid Fault
lincoln	P1171	Rotor Sensor Fault
lincoln	P1172	Rotor Control Fault
lincoln	P1173	Rotor Calibration Fault
lincoln	P1174	Cam Sensor Fault
lincoln	P1175	Cam Control Fault
lincoln	P1176	Cam Calibration Fault
lincoln	P1177	Synchronization Fault
lincoln	P1180	Fuel Delivery System Malfunction Low
lincoln	P1181	Fuel Delivery System Malfunction High
lincoln	P1183	Engine Oil Temperature Circuit Malfunction
lincoln	P1184	Engine Oil Temperature Out Of Self Test Range
lincoln	P1185	FTS High Fuel Pump Temperature Sensor High
lincoln	P1186	FTS Low Fuel Pump Temperature Sensor Low
lincoln	P1187	Variant Selection
lincoln	P1188	Calibration Memory Fault
lincoln	P1189	Pump Speed Signal Fault
lincoln	P1190	Calibration Resistor Out Of Range
lincoln	P1191	Key Line Voltage
lincoln	P1192	Voltage External
lincoln	P1193	EGR Drive Overcurrent
lincoln	P1194	ECU A/D Converter
lincoln	P1195	SCP HBCC Failed To Initialize
lincoln	P1196	Key Off Voltage High
lincoln	P1197	Key Off Voltage Low
lincoln	P1198	Pump Rotor Control Underfueling
lincoln	P1209	Injector Control Pressure System Fault
lincoln	P1210	Injector Control Pressure Above Expected Level
lincoln	P1211	Injector Control Pressure Sensor Above Below Desired
lincoln	P1212	Injector Control Pressure Not Detected During Crank
lincoln	P1213	Start Injector Circuit Malfunction
lincoln	P1214	Pedal Position Sensor B Circuit Intermittent
lincoln	P1215	Pedal Position Sensor C Circuit Low Input
lincoln	P1216	Pedal Position Sensor C Circuit High Input
lincoln	P1217	Pedal Position Sensor C Circuit Intermittent
lincoln	P1218	CID High
lincoln	P1219	CID Low
lincoln	P1220	Series Throttle Control Fault
lincoln	P1221	Traction Control System Malfunction
lincoln	P1222	Traction Control Output Circuit Malfunction
lincoln	P1223	Pedal Demand Sensor B Circuit High Input
lincoln	P1224	Throttle Position Sensor B Out of Self-Test Range
lincoln	P1227	Wastegate Failed Closed Over Pressure
lincoln	P1228	Wastegate Failed Open Under Pressure
lincoln	P1229	Intercooler Pump Driver Fault
lincoln	P1230	Open Power to Fuel Pump Circuit
lincoln	P1231	High Speed Fuel Pump Relay Activated
lincoln	P1232	Low Speed Fuel Pump Primary Circuit Failure
lincoln	P1233	Fuel Pump Driver Module Off-Line
lincoln	P1234	Fuel Pump Driver Module Off-Line
lincoln	P1235	Fuel Pump Control Out of Range
lincoln	P1236	Fuel Pump Control Out of Range
lincoln	P1237	Fuel Pump Secondary Circuit Fault
lincoln	P1238	Fuel Pump Secondary Circuit Fault
lincoln	P1239	Speed Fuel Pump Positive Feed Fault
lincoln	P1243	Second Fuel Pump Faulty or Ground Fault
lincoln	P1244	Alternator Load Input Failed High
lincoln	P1245	Alternator Load Input Failed Low
lincoln	P1246	Alternator Load Input Failed
lincoln	P1247	Turbo Boost Pressure Low
lincoln	P1248	Turbo Boost Pressure Not Detected
lincoln	P1249	Wastegate Control Valve Performance
lincoln	P1250	Lack of Power to FPRC Solenoid
lincoln	P1252	Pedal Correlation PDS1 and LPDS High
lincoln	P1253	Pedal Correlation PDS1 and LPDS Low
lincoln	P1254	Pedal Correlation PDS2 and LPDS High
lincoln	P1255	Pedal Correlation PDS2 and LPDS Low
lincoln	P1256	Pedal Correlation PDS1 and HPDS
lincoln	P1257	Pedal Correlation PDS2 and HPDS
lincoln	P1258	Pedal Correlation PDS1 and PDS2
lincoln	P1260	Theft Detected Engine Disabled
lincoln	P1261	Cylinder 1 High To Low Side Short
lincoln	P1262	Cylinder 2 High To Low Side Short
lincoln	P1263	Cylinder 3 High To Low Side Short
lincoln	P1264	Cylinder 4 High To Low Side Short
lincoln	P1265	Cylinder 5 High To Low Side Short
lincoln	P1266	Cylinder 6 High To Low Side Short
lincoln	P1267	Cylinder 7 High To Low Side Short
lincoln	P1268	Cylinder 8 High To Low Side Short
lincoln	P1270	Engine RPM Or Speed Limiter Reached
lincoln	P1270	Engine RPM or Vehicle Speed Limiter Reached
lincoln	P1271	Cylinder 1 High To Low Side Open
lincoln	P1272	Cylinder 2 High To Low Side Open
lincoln	P1273	Cylinder 3 High To Low Side Open
lincoln	P1274	Cylinder 4 High To Low Side Open
lincoln	P1275	Cylinder 5 High To Low Side Open
lincoln	P1276	Cylinder 6 High To Low Side Open
lincoln	P1277	Cylinder 7 High To Low Side Open
lincoln	P1278	Cylinder 8 High To Low Side Open
lincoln	P1280	Injection Control Pressure Out Of Range Low
lincoln	P1281	Injection Control Pressure Out Of Range High
lincoln	P1282	Excessive Injection Control Pressure
lincoln	P1283	IPR Circuit Failure
lincoln	P1284	Aborted KOER ICP Failure
lincoln	P1285	Cylinder Head Over Temp Sensed
lincoln	P1286	Fuel Pulse In Range But Lower Than Expected
lincoln	P1287	Fuel Pulse In Range But Higher Than Expected
lincoln	P1288	Cylinder Head Temperature Sensor Out of Self-Test Range
lincoln	P1289	Cylinder Head Temperature Sensor Signal Greater Than Self-Test Range
lincoln	P1290	Cylinder Head Temperature Sensor Signal Less Than Self-Test Range
lincoln	P1291	Injector High Side Short To GND Or VBATT Bank 1
lincoln	P1292	Injector High Side Short To GND Or VBATT Bank 2
lincoln	P1293	Injector High Side Open Bank 1
lincoln	P1294	Injector High Side Open Bank 2 Target Idle Not Reached
lincoln	P1295	Multi-faults Bank 1 With Low Side Shorts
lincoln	P1296	Multi-faults Bank 2 With Low Side Shorts
lincoln	P1297	Injector High Sides Shorted Together
lincoln	P1298	IDM Failure
lincoln	P1299	Cylinder Head Temperature Sensor Detected Engine Overheating Condition
lincoln	P1300	Boost Calibration Fault
lincoln	P1301	Boost Calibration High
lincoln	P1302	Boost Calibration Low
lincoln	P1303	EGR Calibration Fault
lincoln	P1304	EGR Calibration High
lincoln	P1305	EGR Calibration Low
lincoln	P1306	Kickdown Relay Pull In Circuit Fault
lincoln	P1307	Kickdown Relay Hold Circuit Fault
lincoln	P1308	A/C Clutch Circuit Fault
lincoln	P1309	Misfire Detection Monitor Not Enabled
lincoln	P1316	Injector Circuit IDM Codes Detected
lincoln	P1317	Injector Circuit IDM Codes Not Updated
lincoln	P1340	Camshaft Position Sensor B Circuit Malfunction
lincoln	P1351	Ignition Diagnostic Monitor Circuit Input Fault
lincoln	P1352	Ignition Coil A Primary Circuit Fault
lincoln	P1353	Ignition Coil B Primary Circuit Fault
lincoln	P1354	Ignition Coil C Primary Circuit Fault
lincoln	P1355	Ignition Coil D Primary Circuit Fault
lincoln	P1356	Loss of Ignition Diagnostic Module Input to PCM
lincoln	P1357	Ignition Diagnostic Monitor Pulsewidth Not Defined
lincoln	P1358	Ignition Diagnostic Monitor Signal Out of Self-Test Range
lincoln	P1359	Spark Output Circuit Fault
lincoln	P1360	Ignition Coil A Secondary Circuit Malfunction
lincoln	P1361	Ignition Control IC Circuit Low Voltage
lincoln	P1362	Ignition Coil C Secondary Circuit Malfunction
lincoln	P1363	Ignition Coil D Secondary Circuit Malfunction
lincoln	P1364	Ignition Coil Primary Circuit Fault
lincoln	P1365	Ignition Coil Secondary Circuit Failure
lincoln	P1369	Engine Temperature Light Monitor Failure
lincoln	P1380	VCT Solenoid Valve Circuit Short or Open
lincoln	P1381	Cam Timing Advance is Excessive
lincoln	P1383	Cam Timing Advance is Excessive
lincoln	P1385	Variable Cam Timing Solenoid B Malfunction
lincoln	P1386	Variable Cam Timing Overadvanced Bank 2
lincoln	P1388	Variable Cam Timing Overretarded Bank 2
lincoln	P1389	Glow Plug Circuit High Side Low Input
lincoln	P1390	Octane Adjust Out of Self-Test Range
lincoln	P1391	Glow Plug Circuit Low Input Bank 1
lincoln	P1392	Glow Plug Circuit High Input Bank 1
lincoln	P1393	Glow Plug Circuit Low Input Bank 2
lincoln	P1394	Glow Plug Circuit High Input Bank 2
lincoln	P1395	Glow Plug Monitor Fault Bank 1
lincoln	P1396	Glow Plug Monitor Fault Bank 2
lincoln	P1397	System Voltage Out Of Self Test Range
lincoln	P1399	Glow Plug Circuit High Side High Input
lincoln	P1400	Differential Pressure Feedback Electronic Sensor Circuit Low Voltage
lincoln	P1401	Differential Pressure Feedback Electronic Sensor Circuit High Voltage
lincoln	P1402	EGR Metering Orifice Restricted
lincoln	P1403	Differential Pressure Feedback Electronic Sensor Hoses Reversed
lincoln	P1404	IAT B Circuit Malfunction Exhaust Gas Recirculation Closed Position Performance
lincoln	P1405	Differential Pressure Feedback Electronic Sensor Circuit Upstream Hose
lincoln	P1406	Differential Pressure Feedback Electronic Sensor Circuit Downstream Hose
lincoln	P1407	EGR No Flow Detected
lincoln	P1408	EGR Flow Out of Self-Test Range
lincoln	P1409	EGR Vacuum Regulator Circuit Malfunction
lincoln	P1410	EGR Barometric Pressure Sensor VREF Voltage
lincoln	P1411	Secondary Air is Not being Diverted
lincoln	P1413	Secondary Air Injection System Monitor Circuit Low Voltage
lincoln	P1414	Secondary Air Injection System Monitor Circuit High Voltage
lincoln	P1431	Misfire Monitor Disabled Unable to Learn Trigger Wheel Profile
lincoln	P1442	Secondary Air Injection System Monitor Circuit High Voltage
lincoln	P1443	Evaporative Emission Control System Vacuum System Purge Control Solenoid or Purge Control Valve Fault
lincoln	P1444	Purge Flow Sensor Circuit Input Low
lincoln	P1445	Purge Flow Sensor Circuit Input High
lincoln	P1450	Inability of Evaporative Emission Control System to Bleed Fuel Tank
lincoln	P1451	EVAP Control System Canister Vent Solenoid Circuit Malfunction
lincoln	P1452	Inability of Evaporative Emission Control System to Bleed Fuel Tank
lincoln	P1455	Substantial Leak or Blockage in Evaporative Emission Control System
lincoln	P1457	Unable To Pull Vacuum In Tank
lincoln	P1460	Wide Open Throttle Air Conditioning Cutoff Circuit Malfunction
lincoln	P1461	Air Conditioning Pressure Sensor Circuit Low Input
lincoln	P1462	Air Conditioning Pressure Sensor Circuit High Input
lincoln	P1463	Air Conditioning Pressure Sensor Insufficient Pressure Change
lincoln	P1464	ACCS to PCM High During Self-Test
lincoln	P1465	A/C Relay Circuit Malfunction
lincoln	P1466	A/C Refrigerant Temperature Sensor Circuit Malfunction
lincoln	P1469	Low Air Conditioning Cycling Period
lincoln	P1473	Fan Secondary High with Fans Off
lincoln	P1474	Low Fan Control Primary Circuit
lincoln	P1479	High Fan Control Primary Circuit
lincoln	P1480	Fan Secondary Low with Low Fans On
lincoln	P1481	Fan Secondary Low with High Fans On
lincoln	P1482	SCP
lincoln	P1483	Power to Cooling Fan Exceeded Normal Draw
lincoln	P1484	Variable Load Control Module Pin 1 Open
lincoln	P1485	EGRV Circuit Malfunction
lincoln	P1500	Vehicle Speed Sensor Intermittent
lincoln	P1501	Programmable Speedometer & Odometer Module Vehicle Speed Sensor Intermittent Circuit Failure
lincoln	P1502	Invalid or Missing Vehicle Speed Message or Brake Data
lincoln	P1504	Intake Air Control Circuit Malfunction
lincoln	P1505	Idle Air Control System at Adaptive Clip
lincoln	P1506	Idle Air Control Over Speed Error
lincoln	P1507	Idle Air Control Under Speed Error
lincoln	P1512	Intake Manifold Runner Control Stuck Closed
lincoln	P1513	Intake Manifold Runner Control Stuck Closed
lincoln	P1516	Intake Manifold Runner Control Input Error
lincoln	P1517	Intake Manifold Runner Control Input Error
lincoln	P1518	Intake Manifold Runner Control Fault Stuck Open
lincoln	P1519	Intake Manifold Runner Control Fault Stuck Closed
lincoln	P1519	Intake Manifold Runner Control Stuck Open
lincoln	P1520	Intake Manifold Runner Control Circuit Fault
lincoln	P1520	Intake Manifold Runner Control Fault
lincoln	P1530	Open or Short to A/C Compressor Clutch Circuit
lincoln	P1531	Invalid Test Accelerator Pedal Movement
lincoln	P1532	IMCC Circuit Malfunction Bank B
lincoln	P1533	AAI Circuit Malfunction
lincoln	P1534	Inertia Switch Activated
lincoln	P1536	Parking Brake Switch Circuit Failure
lincoln	P1537	Intake Manifold Runner Control Stuck Open
lincoln	P1538	Intake Manifold Runner Control Stuck Open
lincoln	P1539	Power to A/C Compressor Clutch Circuit Exceeded Normal Current Draw
lincoln	P1549	Intake Manifold Temperature Valve Vacuum Actuator Connection
lincoln	P1550	Power Steering Pressure Sensor Out of Self-Test Range
lincoln	P1565	Speed Control Command Switch Out of Range High
lincoln	P1566	Speed Control Command Switch Out of Range Low
lincoln	P1567	Speed Control Output Circuit Continuity
lincoln	P1568	Speed Control Unable to Hold Speed
lincoln	P1572	Brake Pedal Switch Circuit Malfunction
lincoln	P1573	Throttle Position Not Available
lincoln	P1574	Throttle Position Sensor Disagreement Between Sensors
lincoln	P1575	Pedal Position Out of Self Test Range
lincoln	P1576	Pedal Position Not Available
lincoln	P1577	Pedal Position Sensor Disagreement Between Sensors
lincoln	P1578	ETC Power Less Than Demand
lincoln	P1579	ETC In Power Limiting Mode
lincoln	P1580	Electronic Throttle Monitor PCM Override
lincoln	P1581	Electronic Throttle Monitor Malfunction
lincoln	P1582	Electronic Throttle Monitor Data Available
lincoln	P1583	Electronic Throttle Monitor Cruise Disable
lincoln	P1584	Throttle Control Detected ETB Malfunction
lincoln	P1585	Throttle Control Unit Malfunction
lincoln	P1586	Throttle Control Unit Throttle Position Malfunction
lincoln	P1587	Throttle Control Unit Modulated Command Malfunction
lincoln	P1588	Throttle Control Unit Detected Loss of Return Spring
lincoln	P1589	Throttle Control Unit Unable To Control Desired Throttle Angle
lincoln	P1600	Loss of KAM Power Open Circuit
lincoln	P1605	PCM Keep Alive Memory Test Error
lincoln	P1625	Voltage to Vehicle Load Control Module Fan Circuit Not Detected
lincoln	P1626	Voltage to Vehicle Load Control Module Circuit Not Detected
lincoln	P1634	Data Output Link Circuit Failure
lincoln	P1635	Tire Axle Ratio Out of Acceptable Range
lincoln	P1636	Inductive Signature Chip Communication Error
lincoln	P1639	Vehicle ID Block Corrupted or Not Programmed
lincoln	P1640	Powertrain DTCs Available in Another Module
lincoln	P1641	Fuel Pump Primary Circuit Failure
lincoln	P1642	Fuel Pump Monitor Circuit High Input
lincoln	P1643	Fuel Pump Monitor Circuit Low Input
lincoln	P1644	Fuel Pump Speed Control Circuit Malfunction
lincoln	P1650	Power Steering Pressure Switch Out of Self-Test Range
lincoln	P1651	Power Steering Pressure Switch Input Fault
lincoln	P1656	CAN Link PCM PCM Circuit Network
lincoln	P1657	CAN Link Chip Malfunction
lincoln	P1660	Output Circuit Check Signal High
lincoln	P1661	Output Circuit Check Signal Low
lincoln	P1662	IDM_EN Circuit Failure
lincoln	P1663	Fuel Demand Command Signal Circuit Malfunction
lincoln	P1667	CI Circuit Malfunction
lincoln	P1668	PCM IDM Communications Error
lincoln	P1670	Electronic Feedback Signal Not Detected
lincoln	P1690	Wastegate Solenoid Circuit Malfunction
lincoln	P1700	Transmission System Problems
lincoln	P1701	Reverse Engagement Error
lincoln	P1702	Transmission System Problems
lincoln	P1703	Brake On Off Switch Out of Self-Test Range
lincoln	P1704	Transmission System Problems
lincoln	P1705	Manual Lever Position Sensor Out of Self-Test Range
lincoln	P1706	High Vehicle Speed Observed in Park
lincoln	P1707	Transfer Case Neutral Indicator Hard Fault Present
lincoln	P1709	Park or Neutral Position Switch Out of Self-Test Range
lincoln	P1710	Transmission System Problems
lincoln	P1711	Transmission Fluid Temperature Sensor Out of Self-Test Range
lincoln	P1712	Trans Torque Reduction Request Signal Malfunction
lincoln	P1713	TFT Sensor In Range Failure Low Value
lincoln	P1714	SSA Inductive Signature Malfunction
lincoln	P1715	SSB Inductive Signature Malfunction
lincoln	P1716	SSC Inductive Signature Malfunction
lincoln	P1717	SSD Inductive Signature Malfunction
lincoln	P1718	TFT Sensor In Range Failure High
lincoln	P1720	Vehicle Speed Meter Circuit Malfunction
lincoln	P1721	Gear 1 Incorrect Ratio
lincoln	P1722	Gear 2 Incorrect Ratio
lincoln	P1723	Gear 3 Incorrect Ratio
lincoln	P1724	Gear 4 Incorrect Ratio
lincoln	P1725	Insufficient Engine Speed Increase During Self Test
lincoln	P1726	Insufficient Engine Speed Decrease During Self Test
lincoln	P1727	Coast Clutch Solenoid Inductive Signature Malfunction
lincoln	P1728	Transmission Slip Error
lincoln	P1729	4x4 Low Switch Error
lincoln	P1731	1-2 Shift Malfunction
lincoln	P1732	2-3 Shift Malfunction
lincoln	P1733	3-4 Shift Malfunction
lincoln	P1740	Transmission System Problems
lincoln	P1741	Torque Converter Clutch Control Error
lincoln	P1742	Torque Converter Clutch Solenoid Faulty
lincoln	P1743	Torque Converter Clutch Solenoid Faulty
lincoln	P1744	Torque Converter Clutch System Stuck in Off Position
lincoln	P1745	Transmission System Problems
lincoln	P1746	Electronic Pressure Control Solenoid A Open Circuit
lincoln	P1747	Electronic Pressure Control Solenoid A Short Circuit
lincoln	P1748	EPC Malfunction
lincoln	P1749	Electronic Pressure Control Solenoid Failed Low
lincoln	P1751	Shift Solenoid A Performance
lincoln	P1754	Coast Clutch Solenoid Circuit Malfunction
lincoln	P1756	Shift Solenoid B Performance
lincoln	P1760	Transmission System Problems
lincoln	P1761	Shift Solenoid C Performance
lincoln	P1762	Overdrive Band Failed Off
lincoln	P1766	Shift Solenoid D Performance
lincoln	P1767	Torque Converter Clutch Circuit Malfunction
lincoln	P1768	Performance Normal Winter Mode Input Malfunction
lincoln	P1770	Clutch Solenoid Circuit Malfunction
lincoln	P1779	Transmission Control Indicator Lamp Circuit Malfunction
lincoln	P1780	Transmission Control Switch Circuit is Out of Self-Test Range
lincoln	P1781	4x4 Low Switch is Out of Self-Test Range
lincoln	P1782	P/ES Circuit Out Of Self Test Range
lincoln	P1783	Transmission Over-Temperature Condition
lincoln	P1784	Transmission Mechanical Failure First And Reverse
lincoln	P1785	Transmission Mechanical Failure First And Second
lincoln	P1786	3-2 Downshift Error
lincoln	P1787	2-1 Downshift Error
lincoln	P1788	Pressure Control Solenoid B Open Circuit
lincoln	P1789	Pressure Control Solenoid B Short Circuit
lincoln	P1795	Idle Switch Circuit Malfunction
lincoln	P1804	Transmission 4-Wheel Drive High Indicator Circuit Failure
lincoln	P1806	Transmission 4-Wheel Drive High Indicator Short Circuit To Battery
lincoln	P1808	Transmission 4-Wheel Drive Low Indicator Circuit Failure
lincoln	P1810	TFP Valve Position Switch Circuit Transmission 4-Wheel Drive Low Indicator Short Circuit To Battery
lincoln	P1812	Transmission 4-Wheel Drive Mode Select Circuit Failure
lincoln	P1815	Transmission 4-Wheel Drive Mode Select Short Circuit To Ground
lincoln	P1819	Transmission Neutral Safety Switch Short Circuit To Ground
lincoln	P1820	Transmission Transfer Case Clockwise Shift Relay Coil Circuit Failure
lincoln	P1822	Transmission Transfer Case Clockwise Shift Relay Coil Short Circuit To Battery
lincoln	P1824	Transmission 4-Wheel Drive Clutch Relay Circuit Failure
lincoln	P1826	Transmission 4-Wheel Drive Low Clutch Relay Circuit To Battery
lincoln	P1828	Transmission Transfer Case Counter Clockwise Shift Relay Coil Circuit Failure
lincoln	P1830	Transmission Transfer Case Counter Clockwise Shift Relay Coil Short Circuit To Battery
lincoln	P1832	Transmission Transfer Case Differential Lock-Up Solenoid Circuit Failure
lincoln	P1834	Transmission Transfer Case Differential Lock-Up Solenoid Short Circuit To Battery
lincoln	P1838	Transmission Transfer Case Shift Motor Circuit Failure
lincoln	P1846	Transmission Transfer Case Contact Plate A Circuit Failure
lincoln	P1850	Transmission Transfer Case Contact Plate B Circuit Failure
lincoln	P1854	Transmission Transfer Case Contact Plate C Circuit Failure
lincoln	P1858	Transmission Transfer Case Contact Plate D Circuit Failure
lincoln	P1866	Transmission Transfer Case System Concern Servicing Required
lincoln	P1867	Transmission Transfer Case Contact Plate General Circuit Failure
lincoln	P1876	Transmission Transfer Case 2-Wheel Drive Solenoid Circuit Failure
lincoln	P1877	Transmission Transfer Case 2-Wheel Drive Solenoid Circuit Short To Battery
lincoln	P1881	Engine Coolant Level Switch Circuit Failure GEM
lincoln	P1882	Engine Coolant Level Switch Circuit Short to Ground
lincoln	P1883	Engine Coolant Level Switch Circuit Failure GEM
lincoln	P1884	Engine Coolant Level Lamp Circuit Short to Ground
lincoln	P1891	Transmission Transfer Case Contact Plate Ground Return Open Circuit
lincoln	P1900	Output Shaft Speed OSS Circuit Intermittent Malfunction
lincoln	P1901	Turbine Shaft Speed TSS Circuit Intermittent Malfunction
lincoln	P1902	Kickdown Solenoid Relay Control Circuit
lincoln	P1903	Kickdown Solenoid Circuit Low Voltage
lincoln	P1904	Kickdown Solenoid Circuit High Voltage
mazda	P1000	OBD II Monitor Testing Not Completed
mazda	P1001	Unable to Achieve Self-Test Function Or SCP Error
mazda	P1100	Mass Air Flow Sensor Circuit Intermittent
mazda	P1101	Mass Air Flow Sensor Circuit Out Of Self-Test Range
mazda	P1102	Mass Air Flow Sensor Signal Inconsistent With Throttle Position Sensor
mazda	P1103	Mass Air Flow Sensor Signal Inconsistent With Engine Speed
mazda	P1110	Intake Air Temperature Sensor Signal Dynamic Chamber Circuit
mazda	P1112	Intake Air Temperature Sensor Circuit Intermittent
mazda	P1113	Intake Air Temperature Sensor Signal Dynamic Chamber Circuit
mazda	P1114	Intake Air Temperature Sensor Circuit Low Input
mazda	P1116	ECT Sensor Circuit Out Of Self Test Range
mazda	P1117	ECT Sensor Signal Intermittent
mazda	P1120	Throttle Position Sensor Out Of Range Low
mazda	P1121	Throttle Position Sensor Signal Not Consistent With Mass Air Flow Signal
mazda	P1122	Throttle Position Stuck Closed
mazda	P1123	Throttle Position Stuck Open
mazda	P1124	Throttle Position Sensor Signal Out Of Self Test Range
mazda	P1125	Throttle Position Sensor Signal Intermittent
mazda	P1126	Throttle Position Narrow Range Sensor Circuit
mazda	P1127	HO2S Bank 1 Sensor 2 Heater Not On During Key On Engine Running Self Test
mazda	P1128	HO2S Bank 1 Sensor 1 Signals Swapped In Key On Engine Running Self Test
mazda	P1129	Downstream H02S Sensors Swapped
mazda	P1130	HO2S Bank 1 Sensor 1 Not Switching Fuel Control Limit Reached
mazda	P1131	HO2S Bank 1 Sensor 1 Signal Below 0.45v AF Ratio Too Lean
mazda	P1132	HO2S Bank 1 Sensor 1 Signal Above 0.45v AF Ratio Too Rich
mazda	P1133	Bank 1 Fuel Control Shifted Lean
mazda	P1134	Bank 1 Fuel Control Shifted Rich
mazda	P1135	HO2S Bank 1 Sensor 1 Heater Circuit Low Input
mazda	P1136	HO2S Bank 1 Sensor 1 Heater Circuit High Input
mazda	P1137	HO2S Bank 1 Sensor 2 Not Switching Fuel Control Limit Reached
mazda	P1138	HO2S Bank 1 Sensor 2 Signal Above 0.45v AF Ratio Too Rich
mazda	P1141	HO2S Bank 1 Sensor 2 Heater Circuit Low Input
mazda	P1142	HO2S Bank 1 Sensor 2 Heater Circuit High Input
mazda	P1143	HO2S Bank 1 Sensor 3 Signal Below 0.45v AF Ratio Too Lean
mazda	P1144	HO2S Bank 1 Sensor 3 Signal Above 0.45v AF Ratio Too Rich
mazda	P1150	HO2S Bank 2 Sensor 1 Not Switching Fuel Control Limit Reached
mazda	P1151	HO2S Bank 2 Sensor 1 Signal Below 0.45v AF Ratio Too Lean
mazda	P1152	HO2S Bank 2 Sensor 1 Signal Above 0.45v AF Ratio Too Rich
mazda	P1153	Bank 2 Fuel Control Shifted Lean FAOSC
mazda	P1154	Bank 2 Fuel Control Shifted Rich FAOSC
mazda	P1169	HO2S Bank 1 Sensor 1 Circuit Fixed Bank 1 Sensor 1
mazda	P1170	HO2S Bank 1 Sensor 1 Circuit Fixed Bank 1 Sensor 1
mazda	P1173	HO2S Bank 2 Sensor 1 Circuit Fixed Bank 2 Sensor 1
mazda	P1182	Fuel Shut Off Solenoid Circuit
mazda	P1189	Pump Speed Signal
mazda	P1190	Calibration Resistor Out Of Range
mazda	P1191	TP Controlled Circuit
mazda	P1194	ECM PCM A D Converter
mazda	P1195	EGR Boost Sensor Circuit
mazda	P1196	Ignition Switch Start Circuit
mazda	P1197	Mileage Switch Circuit
mazda	P1213	Start Injector Circuit
mazda	P1221	Traction Control System
mazda	P1222	Traction Control Output Circuit
mazda	P1226	Control Sleeve Sensor Circuit
mazda	P1235	Fuel Pump Control Circuit
mazda	P1236	Fuel Pump Control Out Range
mazda	P1248	Turbo Boost Pressure Not Detected
mazda	P1250	Pressure Regulator Control Solenoid Circuit
mazda	P1251	Air Mixture Solenoid Circuit
mazda	P1252	Pressure Regulator Control Solenoid 2 Circuit Malfunction
mazda	P1260	Anti-Theft System Signal Detected Engine Disabled
mazda	P1270	Engine RPM or Vehicle Speed Limit Reached
mazda	P1279	Control Sleeve Sensor Circuit Range Performance
mazda	P1298	Injector Driver Module Failure
mazda	P1309	Misfire Detection Monitor
mazda	P1312	Injection Pump Timing Actuator Circuit
mazda	P1318	Injection Timing Piston Position Sensor Circuit
mazda	P1319	Injection Timing Piston Position Sensor Circuit Range Performance
mazda	P1345	No CMP or SGC Signal
mazda	P1351	Ignition Diagnostic Monitor Signal Lost To PCM Or Out Of Range
mazda	P1352	Ignition Coil A Primary Circuit
mazda	P1353	Ignition Coil B Primary Circuit
mazda	P1354	Ignition Coil C Primary Circuit
mazda	P1358	Ignition Diagnostic Monitor Signal Out Of Self Test Range
mazda	P1359	SPOUT Signal Lost To Powertrain Control Module Or Out Of Range
mazda	P1360	Ignition Coil A Secondary Circuit
mazda	P1361	Ignition Coil B Secondary Circuit
mazda	P1362	Ignition Coil C Secondary Circuit
mazda	P1364	Ignition Coil Primary Circuit
mazda	P1365	Ignition Coil Secondary Circuit
mazda	P1382	Camshaft Position Timing Solenoid 1 Circuit
mazda	P1387	Camshaft Position Timing Solenoid 2 Circuit
mazda	P1390	Octane Adjust Shorting Bar Out Or Circuit Open
mazda	P1400	DPFE Sensor Circuit Low Input
mazda	P1401	DPFE Sensor Circuit High Input
mazda	P1402	EGR Valve Position Sensor Circuit
mazda	P1405	DPFE Sensor Upstream Hose Off Or Plugged
mazda	P1406	DPFE Sensor Downstream Hose Off Or Plugged
mazda	P1407	No EGR Flow Detected
mazda	P1408	EGR System Flow Out Of Key On Engine Running Self Test Range
mazda	P1409	EGR Vacuum Regulator Solenoid Circuit
mazda	P1410	EGR Boost Solenoid Valve Stuck
mazda	P1412	Exhaust Gas Recirculation Valve Frozen
mazda	P1415	Air Pump Circuit
mazda	P1416	Port Air Circuit
mazda	P1417	Port Air Relief Circuit
mazda	P1418	Split Air 1 Circuit
mazda	P1419	Split Air 2 Circuit
mazda	P1439	Floor Temp Switch Circuit
mazda	P1443	EVAP System Purge Flow Fault
mazda	P1444	EVAP Purge Flow Sensor Circuit Low Voltage
mazda	P1445	EVAP Purge Flow Sensor Circuit High Voltage
mazda	P1446	Evaporative Vacuum Solenoid Circuit
mazda	P1449	Evaporative Check Solenoid Circuit
mazda	P1450	Unable To Bleed Up Fuel Tank Vacuum
mazda	P1451	Canister Vent Solenoid Circuit
mazda	P1455	Fuel Tank Level Sensor Circuit
mazda	P1456	Fuel Tank Temperature Sensor Circuit
mazda	P1457	Purge Solenoid Control System
mazda	P1458	A/C Compressor Clutch Signal Fault
mazda	P1475	Fan Relay Low Circuit
mazda	P1476	Fan Relay High Circuit
mazda	P1508	Idle Air Control Circuit Open
mazda	P1509	Idle Air Control Circuit Shorted
mazda	P1514	High Load Neutral Drive Fault
mazda	P1516	Gear Change Neutral Drive Fault
mazda	P1517	Cranking Neutral Drive Fault
mazda	P1534	Restraint Deployment Indicator Circuit
mazda	P1562	Powertrain Control Module +B Voltage Low
mazda	P1566	TCM B+ Voltage Low
mazda	P1569	IMRC Circuit Low
mazda	P1570	IMRC Circuit High
mazda	P1600	Loss Of KAM Power Circuit Open
mazda	P1601	Powertrain Control Module Communication Line To TCM Error
mazda	P1602	Powertrain Control Module Communication Line To TCM Error, Immobilizer System Communication Error With Powertrain Control Module
mazda	P1603	Immobilizer System Fault
mazda	P1604	Immobilizer System Fault
mazda	P1605	Powertrain Control Module Keep Alive Memory Test Error
mazda	P1608	Powertrain Control Module ECM CPU DTC Test Fault
mazda	P1609	Powertrain Control Module ECM CPU Knock Sensor Circuit
mazda	P1621	Immobilizer System Fault
mazda	P1622	Immobilizer System Fault
mazda	P1623	Immobilizer System Fault
mazda	P1624	Immobilizer System Fault
mazda	P1627	Powertrain Control Module ECM TCS Line Communication Error
mazda	P1628	Powertrain Control Module ECM TCS Any Line Communication Error
mazda	P1630	Alternator Regulator 1 Control Circuit
mazda	P1631	Generator Output Voltage Signal No Output
mazda	P1632	Battery Voltage Detection Circuit for Alternator Regulator
mazda	P1633	Battery Overcharge Fault
mazda	P1634	Generator Terminal B Circuit Open
mazda	P1645	Fuel Pump Resistor Switch Circuit
mazda	P1649	Fuel Injection Pump Module
mazda	P1650	Power Steering Pressure Switch Out Of Range Fault
mazda	P1651	Power Steering Pressure Switch Circuit
mazda	P1652	Power Steering Pressure Switch Circuit
mazda	P1680	Metering Oil Pump Failure
mazda	P1682	Metering Oil Pump Failure
mazda	P1683	Metering Oil Pump Temperature Sensor Circuit
mazda	P1684	Metering Oil Pump Position Sensor Circuit
mazda	P1685	Metering Oil Pump Stepping Motor Cont Circuit
mazda	P1686	Metering Oil Pump Stepping Motor Cont Circuit
mazda	P1687	Metering Oil Pump Stepping Motor Cont Circuit
mazda	P1688	Metering Oil Pump Stepping Motor Cont Circuit
mazda	P1689	Oil Pressure Control Solenoid Circuit
mazda	P1690	Wastegate Solenoid Circuit
mazda	P1691	Turbo Pressure Control Solenoid Circuit
mazda	P1692	Turbo Control Solenoid Circuit
mazda	P1693	Turbo Charge Control Circuit
mazda	P1694	Turbo Charge Relief Circuit
mazda	P1701	Transmission Range Sensor Reverse Engagement Error
mazda	P1702	Transmission Range Sensor Circuit Intermittent
mazda	P1703	Brake On Off Switch Out Of Self Test Range
mazda	P1705	Transmission Range Sensor Out Of Self Test Range
mazda	P1706	High Vehicle Speed Observed In Park
mazda	P1708	Clutch Switch Circuit
mazda	P1709	Clutch Pedal Position Switch Circuit
mazda	P1710	Transmission Control Module Solenoid Internal Ground Circuit
mazda	P1711	Transmission Fluid Temperature Sensor Circuit Out Of Self Test Range
mazda	P1713	Transmission Fluid Temperature Sensor Circuit
mazda	P1714	Shift Solenoid 1 Mechanical Fault
mazda	P1715	Shift Solenoid 2 Mechanical Fault
mazda	P1716	Shift Solenoid 3 Mechanical Fault
mazda	P1717	Shift Solenoid 4 Mechanical Fault
mazda	P1718	Transmission Fluid Temperature Sensor Circuit
mazda	P1719	Engine Torque Signal
mazda	P1720	Vehicle Speed Sensor 2 Signal Error
mazda	P1721	Gear 1 Incorrect Ratio
mazda	P1722	Gear 2 Incorrect Ratio
mazda	P1723	Gear 3 Incorrect Ratio
mazda	P1724	Gear 4 Incorrect Ratio
mazda	P1729	Transmission 4x4 Low Switch Error
mazda	P1735	First Gear Switch Circuit Failure
mazda	P1736	Second Gear Switch Circuit Failure
mazda	P1737	Lockup Solenoid
mazda	P1738	Shift Time Error
mazda	P1739	Slip Solenoid
mazda	P1740	Torque Converter Clutch Solenoid Mechanical Fault
mazda	P1741	Torque Converter Clutch Control Electrical Fault
mazda	P1742	Torque Converter Clutch Solenoid Shorted
mazda	P1743	Torque Converter Clutch Failed On TCIL Is On
mazda	P1744	Torque Converter Clutch Solenoid Mechanical Fault
mazda	P1745	Line Pressure Solenoid
mazda	P1746	Electronic Pressure Control Solenoid Circuit Open
mazda	P1747	Electronic Pressure Control Solenoid Circuit
mazda	P1748	Pressure Control Solenoid A
mazda	P1749	Electronic Pressure Control Solenoid Circuit Low
mazda	P1751	Transmission Shift Solenoid A Mechanical Fault
mazda	P1752	Transmission Shift Solenoid A Circuit Shorted
mazda	P1754	Transmission Coast Clutch Solenoid Electrical Fault
mazda	P1756	Transmission Shift Solenoid B Mechanical Fault
mazda	P1757	Transmission Shift Solenoid B Circuit Shorted
mazda	P1759	2-4 Brake Failsafe Valve Malfunction
mazda	P1761	Transmission Shift Solenoid 3 Mechanical Fault
mazda	P1762	Transmission SS3 SS4 OD Band Fault
mazda	P1763	Low And Reverse Brake Pressure Switch Circuit
mazda	P1764	Low And Reverse Brake Failsafe Valve Malfunction
mazda	P1765	Transmission 3-2 Timing Solenoid Valve
mazda	P1767	Torque Converter Clutch Solenoid Circuit
mazda	P1770	Clutch Solenoid Circuit
mazda	P1771	Throttle Position Sensor Circuit Open To Transmission Control Module
mazda	P1772	Throttle Position Sensor Circuit Shorted To Transmission Control Module
mazda	P1775	Torque Down Signal 1 Circuit
mazda	P1776	Torque Down Signal 2 Circuit
mazda	P1777	Torque Down Response Signal Circuit
mazda	P1780	Transmission Control Switch Circuit, Overdrive Off Switch Not Cycled During The Self Test
mazda	P1781	Transmission 4x4 Low Switch Out Of Range Fault
mazda	P1783	Transmission Fluid Temperature High Input
mazda	P1788	Pressure Control Solenoid B Circuit Open
mazda	P1789	Pressure Control Solenoid B Circuit Shorted
mazda	P1790	TP Mechanical Circuit
mazda	P1791	TP Electric Circuit
mazda	P1792	Barometer Pressure Circuit
mazda	P1793	Intake Air Volume Circuit
mazda	P1794	Powertrain Control Module Battery Direct Power Circuit
mazda	P1795	Idle Switch Circuit
mazda	P1796	Kick Down Switch Circuit
mazda	P1797	P/N Switch Open Or Short Circuit
mazda	P1798	Coolant Temperature Circuit
mazda	P1799	Hold Switch Circuit
mazda	P1900	Turbine Speed Sensor Circuit Intermittent
mazda	P1901	Torque Converter Clutch Circuit Intermittent
mercedes	P1105	Atmospheric Pressure Sensor In Control Module
mercedes	P1220	Fuel Quantity Actuator Y231
mercedes	P1221	CAN Communication ETC Or ETS Interrupted
mercedes	P1222	IFI Accelerator Pedal Position Sensor R252
mercedes	P1223	Fuel Rack Position Sensor Y2311
mercedes	P1335	CKP Sensor IFI
mercedes	P1350	Injection Sensor Solenoid
mercedes	P1351	Injection Sensor Circuit
mercedes	P1352	Needle Lift Sensor
mercedes	P1401	EGR Lifting Sender B283
mercedes	P1404	EGR Control
mercedes	P1465	EPW Power
mercedes	P1470	Pressure Control Flap Vacuum Transducer Y312
mercedes	P1475	Resonance Intake Line Switchover Valve Y227
mercedes	P1476	Resonance Intake Manifold Switchover Valve Y226
mercedes	P1480	Preglow Control
mercedes	P1481	Glow Plug Failure
mercedes	P1482	Preglow Control Module N142
mercedes	P1520	Cruise Control Switch S40
mercedes	P1610	Voltage Supply Missing Or Relay Module K40
mercedes	P1611	IFI Control Module N37
mercedes	P1612	IFI Control Module N37 Voltage Circuit 15
mercedes	P1613	IFI Control Module N37
mercedes	P1614	IFI Control Module N37 Voltage Or Fuel Metering Actuator Y231K1 Or Fuel Rack Position Sensor Y2311
mercedes	P1615	IFI Control Module N37 Supply Voltage
mercedes	P1617	Control Module Fault Or Control Module Not Coded
mercedes	P1622	Electrohydraulic Shut-Off Actuator Y11
mercedes	P1625	Check Engine MIL
mercedes	P1630	Drive Authorization Signal
mercedes	P1705	Starter Lock-Out Backup Lamp Switch S161
mercedes	P1780	Modulation Pressure Switchover Valve ATCC Y34 Or Upshift Delay Switchover Valve ATCC Y35
mercedes	P1781	Upshift Delay Switchover Valve ATCC Y35
mercury	P1000	OBD System Readiness Test Not Complete
mercury	P1001	KOER Test Cannot Be Completed
mercury	P1039	Vehicle Speed Signal Missing or Improper
mercury	P1051	Brake Switch Signal Missing or Improper
mercury	P1100	Mass Air Flow Sensor Intermittent
mercury	P1101	Mass Air Flow Sensor Out of Self-Test Range
mercury	P1105	Dual Alternator Upper Fault
mercury	P1106	Dual Alternator Lower Fault Manifold Absolute Pressure (MAP) Sensor Circuit Intermittent High Voltage
mercury	P1107	Dual Alternator Lower Circuit Malfunction Manifold Absolute Pressure (MAP) Sensor Circuit Intermittent Low Voltage
mercury	P1108	Dual Alternator Battery Lamp Circuit Malfunction
mercury	P1109	IAT B Sensor Intermittent
mercury	P1111	System Pass
mercury	P1112	Intake Air Temperature Sensor Intermittent
mercury	P1114	Engine Coolant Temperature (ECT) Sensor Circuit Intermittent Low Voltage IAT B Circuit Low Input
mercury	P1115	Engine Coolant Temperature (ECT) Sensor Circuit Intermittent High Voltage IAT B Circuit High Input
mercury	P1116	Engine Coolant Temperature Sensor is Out of Self-Test Range
mercury	P1117	Engine Coolant Temperature Sensor Intermittent
mercury	P1118	Manifold Absolute Temperature Circuit Low Input
mercury	P1119	Manifold Absolute Temperature Circuit High Input
mercury	P1120	Throttle Position Sensor Out of Range
mercury	P1121	Throttle Position Sensor Inconsistent with Mass Air Flow Sensor
mercury	P1122	Throttle Position TP Sensor Circuit Intermittent Low Voltage
mercury	P1123	Throttle Position Sensor In Range But Higher Than Expected
mercury	P1124	Throttle Position Sensor Out of Self-Test Range
mercury	P1125	Throttle Position Sensor Intermittent
mercury	P1127	Exhaust Not Warm Enough Downstream O2 Sensor Not Tested
mercury	P1128	Upstream Heated Oxygen Sensor Signals Reversed
mercury	P1129	Downstream Heated Oxygen Sensor Signals Reversed
mercury	P1130	Lack of Upstream Heated Oxygen Sensor Switch Adaptive Fuel Limit Bank 1
mercury	P1131	Lack of Upstream Heated Oxygen Sensor Switch Sensor Indicates Lean Bank 1
mercury	P1132	Lack of Upstream Heated Oxygen Sensor Switch Sensor Indicates Rich Bank 1
mercury	P1133	Bank 1 Fuel Control Shifted Lean
mercury	P1134	Bank 1 Fuel Control Shifted Rich
mercury	P1135	Pedal Position Sensor A Circuit Intermittent
mercury	P1137	Lack of Downstream Heated Oxygen Sensor Switch Sensor Indicates Lean Bank 1
mercury	P1138	Lack of Downstream Heated Oxygen Sensor Switch Sensor Indicates Rich Bank 1
mercury	P1139	Water In Fuel Indicator Circuit Malfunction
mercury	P1140	Water In Fuel Condition
mercury	P1141	Fuel Restriction Indicator Circuit Malfunction
mercury	P1142	Fuel Restriction Condition
mercury	P1150	Lack of Upstream Heated Oxygen Sensor Switch Adaptive Fuel Limit Bank 2
mercury	P1151	Lack of Upstream Heated Oxygen Sensor Switch Sensor Indicates Lean Bank 2
mercury	P1152	Lack of Upstream Heated Oxygen Sensor Switch Sensor Indicates Rich Bank 2
mercury	P1153	Bank 2 Fuel Control Shifted Lean
mercury	P1154	Bank 2 Fuel Control Shifted Rich
mercury	P1155	Alternative Fuel Controller
mercury	P1157	Lack of Downstream Heated Oxygen Sensor Switch Sensor Indicates Lean Bank 2
mercury	P1158	Lack of Downstream Heated Oxygen Sensor Switch Sensor Indicates Rich Bank 2
mercury	P1168	Fuel Rail Sensor In-Range Low Failure
mercury	P1169	Fuel Rail Sensor In-Range High Failure
mercury	P1170	ESO Engine Shut Off Solenoid Fault
mercury	P1171	Rotor Sensor Fault
mercury	P1172	Rotor Control Fault
mercury	P1173	Rotor Calibration Fault
mercury	P1174	Cam Sensor Fault
mercury	P1175	Cam Control Fault
mercury	P1176	Cam Calibration Fault
mercury	P1177	Synchronization Fault
mercury	P1180	Fuel Delivery System Malfunction Low
mercury	P1181	Fuel Delivery System Malfunction High
mercury	P1183	Engine Oil Temperature Circuit Malfunction
mercury	P1184	Engine Oil Temperature Out Of Self Test Range
mercury	P1185	FTS High Fuel Pump Temperature Sensor High
mercury	P1186	FTS Low Fuel Pump Temperature Sensor Low
mercury	P1187	Variant Selection
mercury	P1188	Calibration Memory Fault
mercury	P1189	Pump Speed Signal Fault
mercury	P1190	Calibration Resistor Out Of Range
mercury	P1191	Key Line Voltage
mercury	P1192	Voltage External
mercury	P1193	EGR Drive Overcurrent
mercury	P1194	ECU A/D Converter
mercury	P1195	SCP HBCC Failed To Initialize
mercury	P1196	Key Off Voltage High
mercury	P1197	Key Off Voltage Low
mercury	P1198	Pump Rotor Control Underfueling
mercury	P1209	Injector Control Pressure System Fault
mercury	P1210	Injector Control Pressure Above Expected Level
mercury	P1211	Injector Control Pressure Sensor Above Below Desired
mercury	P1212	Injector Control Pressure Not Detected During Crank
mercury	P1213	Start Injector Circuit Malfunction
mercury	P1214	Pedal Position Sensor B Circuit Intermittent
mercury	P1215	Pedal Position Sensor C Circuit Low Input
mercury	P1216	Pedal Position Sensor C Circuit High Input
mercury	P1217	Pedal Position Sensor C Circuit Intermittent
mercury	P1218	CID High
mercury	P1219	CID Low
mercury	P1220	Series Throttle Control Fault
mercury	P1221	Traction Control System Malfunction
mercury	P1222	Traction Control Output Circuit Malfunction
mercury	P1223	Pedal Demand Sensor B Circuit High Input
mercury	P1224	Throttle Position Sensor B Out of Self-Test Range
mercury	P1227	Wastegate Failed Closed Over Pressure
mercury	P1228	Wastegate Failed Open Under Pressure
mercury	P1229	Intercooler Pump Driver Fault
mercury	P1230	Open Power to Fuel Pump Circuit
mercury	P1231	High Speed Fuel Pump Relay Activated
mercury	P1232	Low Speed Fuel Pump Primary Circuit Failure
mercury	P1233	Fuel Pump Driver Module Off-Line
mercury	P1234	Fuel Pump Driver Module Off-Line
mercury	P1235	Fuel Pump Control Out of Range
mercury	P1236	Fuel Pump Control Out of Range
mercury	P1237	Fuel Pump Secondary Circuit Fault
mercury	P1238	Fuel Pump Secondary Circuit Fault
mercury	P1239	Speed Fuel Pump Positive Feed Fault
mercury	P1243	Second Fuel Pump Faulty or Ground Fault
mercury	P1244	Alternator Load Input Failed High
mercury	P1245	Alternator Load Input Failed Low
mercury	P1246	Alternator Load Input Failed
mercury	P1247	Turbo Boost Pressure Low
mercury	P1248	Turbo Boost Pressure Not Detected
mercury	P1249	Wastegate Control Valve Performance
mercury	P1250	Lack of Power to FPRC Solenoid
mercury	P1252	Pedal Correlation PDS1 and LPDS High
mercury	P1253	Pedal Correlation PDS1 and LPDS Low
mercury	P1254	Pedal Correlation PDS2 and LPDS High
mercury	P1255	Pedal Correlation PDS2 and LPDS Low
mercury	P1256	Pedal Correlation PDS1 and HPDS
mercury	P1257	Pedal Correlation PDS2 and HPDS
mercury	P1258	Pedal Correlation PDS1 and PDS2
mercury	P1260	Theft Detected Engine Disabled
mercury	P1261	Cylinder 1 High To Low Side Short
mercury	P1262	Cylinder 2 High To Low Side Short
mercury	P1263	Cylinder 3 High To Low Side Short
mercury	P1264	Cylinder 4 High To Low Side Short
mercury	P1265	Cylinder 5 High To Low Side Short
mercury	P1266	Cylinder 6 High To Low Side Short
mercury	P1267	Cylinder 7 High To Low Side Short
mercury	P1268	Cylinder 8 High To Low Side Short
mercury	P1270	Engine RPM Or Speed Limiter Reached
mercury	P1270	Engine RPM or Vehicle Speed Limiter Reached
mercury	P1271	Cylinder 1 High To Low Side Open
mercury	P1272	Cylinder 2 High To Low Side Open
mercury	P1273	Cylinder 3 High To Low Side Open
mercury	P1274	Cylinder 4 High To Low Side Open
mercury	P1275	Cylinder 5 High To Low Side Open
mercury	P1276	Cylinder 6 High To Low Side Open
mercury	P1277	Cylinder 7 High To Low Side Open
mercury	P1278	Cylinder 8 High To Low Side Open
mercury	P1280	Injection Control Pressure Out Of Range Low
mercury	P1281	Injection Control Pressure Out Of Range High
mercury	P1282	Excessive Injection Control Pressure
mercury	P1283	IPR Circuit Failure
mercury	P1284	Aborted KOER ICP Failure
mercury	P1285	Cylinder Head Over Temp Sensed
mercury	P1286	Fuel Pulse In Range But Lower Than Expected
mercury	P1287	Fuel Pulse In Range But Higher Than Expected
mercury	P1288	Cylinder Head Temperature Sensor Out of Self-Test Range
mercury	P1289	Cylinder Head Temperature Sensor Signal Greater Than Self-Test Range
mercury	P1290	Cylinder Head Temperature Sensor Signal Less Than Self-Test Range
mercury	P1291	Injector High Side Short To GND Or VBATT Bank 1
mercury	P1292	Injector High Side Short To GND Or VBATT Bank 2
mercury	P1293	Injector High Side Open Bank 1
mercury	P1294	Injector High Side Open Bank 2 Target Idle Not Reached
mercury	P1295	Multi-faults Bank 1 With Low Side Shorts
mercury	P1296	Multi-faults Bank 2 With Low Side Shorts
mercury	P1297	Injector High Sides Shorted Together
mercury	P1298	IDM Failure
mercury	P1299	Cylinder Head Temperature Sensor Detected Engine Overheating Condition
mercury	P1300	Boost Calibration Fault
mercury	P1301	Boost Calibration High
mercury	P1302	Boost Calibration Low
mercury	P1303	EGR Calibration Fault
mercury	P1304	EGR Calibration High
mercury	P1305	EGR Calibration Low
mercury	P1306	Kickdown Relay Pull In Circuit Fault
mercury	P1307	Kickdown Relay Hold Circuit Fault
mercury	P1308	A/C Clutch Circuit Fault
mercury	P1309	Misfire Detection Monitor Not Enabled
mercury	P1316	Injector Circuit IDM Codes Detected
mercury	P1317	Injector Circuit IDM Codes Not Updated
mercury	P1340	Camshaft Position Sensor B Circuit Malfunction
mercury	P1351	Ignition Diagnostic Monitor Circuit Input Fault
mercury	P1352	Ignition Coil A Primary Circuit Fault
mercury	P1353	Ignition Coil B Primary Circuit Fault
mercury	P1354	Ignition Coil C Primary Circuit Fault
mercury	P1355	Ignition Coil D Primary Circuit Fault
mercury	P1356	Loss of Ignition Diagnostic Module Input to PCM
mercury	P1357	Ignition Diagnostic Monitor Pulsewidth Not Defined
mercury	P1358	Ignition Diagnostic Monitor Signal Out of Self-Test Range
mercury	P1359	Spark Output Circuit Fault
mercury	P1360	Ignition Coil A Secondary Circuit Malfunction
mercury	P1361	Ignition Control IC Circuit Low Voltage
mercury	P1362	Ignition Coil C Secondary Circuit Malfunction
mercury	P1363	Ignition Coil D Secondary Circuit Malfunction
mercury	P1364	Ignition Coil Primary Circuit Fault
mercury	P1365	Ignition Coil Secondary Circuit Failure
mercury	P1369	Engine Temperature Light Monitor Failure
mercury	P1380	VCT Solenoid Valve Circuit Short or Open
mercury	P1381	Cam Timing Advance is Excessive
mercury	P1383	Cam Timing Advance is Excessive
mercury	P1385	Variable Cam Timing Solenoid B Malfunction
mercury	P1386	Variable Cam Timing Overadvanced Bank 2
mercury	P1388	Variable Cam Timing Overretarded Bank 2
mercury	P1389	Glow Plug Circuit High Side Low Input
mercury	P1390	Octane Adjust Out of Self-Test Range
mercury	P1391	Glow Plug Circuit Low Input Bank 1
mercury	P1392	Glow Plug Circuit High Input Bank 1
mercury	P1393	Glow Plug Circuit Low Input Bank 2
mercury	P1394	Glow Plug Circuit High Input Bank 2
mercury	P1395	Glow Plug Monitor Fault Bank 1
mercury	P1396	Glow Plug Monitor Fault Bank 2
mercury	P1397	System Voltage Out Of Self Test Range
mercury	P1399	Glow Plug Circuit High Side High Input
mercury	P1400	Differential Pressure Feedback Electronic Sensor Circuit Low Voltage
mercury	P1401	Differential Pressure Feedback Electronic Sensor Circuit High Voltage
mercury	P1402	EGR Metering Orifice Restricted
mercury	P1403	Differential Pressure Feedback Electronic Sensor Hoses Reversed
mercury	P1404	IAT B Circuit Malfunction Exhaust Gas Recirculation Closed Position Performance
mercury	P1405	Differential Pressure Feedback Electronic Sensor Circuit Upstream Hose
mercury	P1406	Differential Pressure Feedback Electronic Sensor Circuit Downstream Hose
mercury	P1407	EGR No Flow Detected
mercury	P1408	EGR Flow Out of Self-Test Range
mercury	P1409	EGR Vacuum Regulator Circuit Malfunction
mercury	P1409	Electronic Vacuum Regulator Control Circuit Fault
mercury	P1410	EGR Barometric Pressure Sensor VREF Voltage
mercury	P1411	Secondary Air is Not being diverted
mercury	P1413	Secondary Air Injection System Monitor Circuit Low Voltage
mercury	P1414	Secondary Air Injection System Monitor Circuit High Voltage
mercury	P1431	Misfire Monitor Disabled Unable to Learn Trigger Wheel Profile
mercury	P1442	Secondary Air Injection System Monitor Circuit High Voltage
mercury	P1443	Evaporative Emission Control System Vacuum System Purge Control Solenoid or Purge Control Valve Fault
mercury	P1444	Purge Flow Sensor Circuit Input Low
mercury	P1445	Purge Flow Sensor Circuit Input High
mercury	P1450	Inability of Evaporative Emission Control System to Bleed Fuel Tank
mercury	P1451	EVAP Control System Canister Vent Solenoid Circuit Malfunction
mercury	P1452	Inability of Evaporative Emission Control System to Bleed Fuel Tank
mercury	P1455	Substantial Leak or Blockage in Evaporative Emission Control System
mercury	P1457	Unable To Pull Vacuum In Tank
mercury	P1460	Wide Open Throttle Air Conditioning Cutoff Circuit Malfunction
mercury	P1461	Air Conditioning Pressure Sensor Circuit Low Input
mercury	P1462	Air Conditioning Pressure Sensor Circuit High Input
mercury	P1463	Air Conditioning Pressure Sensor Insufficient Pressure Change
mercury	P1464	ACCS to PCM High During Self-Test
mercury	P1465	A/C Relay Circuit Malfunction
mercury	P1466	A/C Refrigerant Temperature Sensor Circuit Malfunction
mercury	P1469	Low Air Conditioning Cycling Period
mercury	P1473	Fan Secondary High with Fans Off
mercury	P1474	Low Fan Control Primary Circuit
mercury	P1479	High Fan Control Primary Circuit
mercury	P1480	Fan Secondary Low with Low Fans On
mercury	P1481	Fan Secondary Low with High Fans On
mercury	P1482	SCP
mercury	P1483	Power to Cooling Fan Exceeded Normal Draw
mercury	P1484	Variable Load Control Module Pin 1 Open
mercury	P1485	EGRV Circuit Malfunction
mercury	P1500	Vehicle Speed Sensor Intermittent
mercury	P1501	Programmable Speedometer & Odometer Module Vehicle Speed Sensor Intermittent Circuit Failure
mercury	P1502	Invalid or Missing Vehicle Speed Message or Brake Data
mercury	P1504	Intake Air Control Circuit Malfunction
mercury	P1505	Idle Air Control System at Adaptive Clip
mercury	P1506	Idle Air Control Over Speed Error
mercury	P1507	Idle Air Control Under Speed Error
mercury	P1512	Intake Manifold Runner Control Stuck Closed
mercury	P1513	Intake Manifold Runner Control Stuck Closed
mercury	P1516	Intake Manifold Runner Control Input Error
mercury	P1517	Intake Manifold Runner Control Input Error
mercury	P1518	Intake Manifold Runner Control Fault Stuck Open
mercury	P1519	Intake Manifold Runner Control Fault Stuck Closed
mercury	P1519	Intake Manifold Runner Control Stuck Open
mercury	P1520	Intake Manifold Runner Control Circuit Fault
mercury	P1520	Intake Manifold Runner Control Fault
mercury	P1530	Open or Short to A/C Compressor Clutch Circuit
mercury	P1531	Invalid Test Accelerator Pedal Movement
mercury	P1532	IMCC Circuit Malfunction Bank B
mercury	P1533	AAI Circuit Malfunction
mercury	P1534	Inertia Switch Activated
mercury	P1536	Parking Brake Switch Circuit Failure
mercury	P1537	Intake Manifold Runner Control Stuck Open
mercury	P1538	Intake Manifold Runner Control Stuck Open
mercury	P1539	Power to A/C Compressor Clutch Circuit Exceeded Normal Current Draw
mercury	P1549	Intake Manifold Temperature Valve Vacuum Actuator Connection
mercury	P1550	Power Steering Pressure Sensor Out of Self-Test Range
mercury	P1565	Speed Control Command Switch Out of Range High
mercury	P1566	Speed Control Command Switch Out of Range Low
mercury	P1567	Speed Control Output Circuit Continuity
mercury	P1568	Speed Control Unable to Hold Speed
mercury	P1572	Brake Pedal Switch Circuit Malfunction
mercury	P1573	Throttle Position Not Available
mercury	P1574	Throttle Position Sensor Disagreement Between Sensors
mercury	P1575	Pedal Position Out of Self Test Range
mercury	P1576	Pedal Position Not Available
mercury	P1577	Pedal Position Sensor Disagreement Between Sensors
mercury	P1578	ETC Power Less Than Demand
mercury	P1579	ETC In Power Limiting Mode
mercury	P1580	Electronic Throttle Monitor PCM Override
mercury	P1581	Electronic Throttle Monitor Malfunction
mercury	P1582	Electronic Throttle Monitor Data Available
mercury	P1583	Electronic Throttle Monitor Cruise Disable
mercury	P1584	Throttle Control Detected ETB Malfunction
mercury	P1585	Throttle Control Unit Malfunction
mercury	P1586	Throttle Control Unit Throttle Position Malfunction
mercury	P1587	Throttle Control Unit Modulated Command Malfunction
mercury	P1588	Throttle Control Unit Detected Loss of Return Spring
mercury	P1589	Throttle Control Unit Unable To Control Desired Throttle Angle
mercury	P1600	Loss of KAM Power Open Circuit
mercury	P1605	PCM Keep Alive Memory Test Error
mercury	P1625	Voltage to Vehicle Load Control Module Fan Circuit Not Detected
mercury	P1626	Voltage to Vehicle Load Control Module Circuit Not Detected
mercury	P1634	Data Output Link Circuit Failure
mercury	P1635	Tire Axle Ratio Out of Acceptable Range
mercury	P1636	Inductive Signature Chip Communication Error
mercury	P1639	Vehicle ID Block Corrupted or Not Programmed
mercury	P1640	Powertrain DTCs Available in Another Module
mercury	P1641	Fuel Pump Primary Circuit Failure
mercury	P1642	Fuel Pump Monitor Circuit High Input
mercury	P1643	Fuel Pump Monitor Circuit Low Input
mercury	P1644	Fuel Pump Speed Control Circuit Malfunction
mercury	P1650	Power Steering Pressure Switch Out of Self-Test Range
mercury	P1651	Power Steering Pressure Switch Input Fault
mercury	P1656	CAN Link PCM PCM Circuit Network
mercury	P1657	CAN Link Chip Malfunction
mercury	P1660	Output Circuit Check Signal High
mercury	P1661	Output Circuit Check Signal Low
mercury	P1662	IDM_EN Circuit Failure
mercury	P1663	Fuel Demand Command Signal Circuit Malfunction
mercury	P1667	CI Circuit Malfunction
mercury	P1668	PCM IDM Communications Error
mercury	P1670	Electronic Feedback Signal Not Detected
mercury	P1690	Wastegate Solenoid Circuit Malfunction
mercury	P1700	Transmission system problems
mercury	P1701	Reverse Engagement Error
mercury	P1702	Transmission system problems
mercury	P1703	Brake On Off Switch Out of Self-Test Range
mercury	P1704	Transmission system problems
mercury	P1705	Manual Lever Position Sensor Out of Self-Test Range
mercury	P1706	High Vehicle Speed Observed in Park
mercury	P1707	Transfer Case Neutral Indicator Hard Fault Present
mercury	P1709	Park or Neutral Position Switch Out of Self-Test Range
mercury	P1710	Transmission system problems
mercury	P1711	Transmission Fluid Temperature Sensor Out of Self-Test Range
mercury	P1712	Trans Torque Reduction Request Signal Malfunction
mercury	P1713	TFT Sensor In Range Failure Low Value
mercury	P1714	SSA Inductive Signature Malfunction
mercury	P1715	SSB Inductive Signature Malfunction
mercury	P1716	SSC Inductive Signature Malfunction
mercury	P1717	SSD Inductive Signature Malfunction
mercury	P1718	TFT Sensor In Range Failure High
mercury	P1720	Vehicle Speed Meter Circuit Malfunction
mercury	P1721	Gear 1 Incorrect Ratio
mercury	P1722	Gear 2 Incorrect Ratio
mercury	P1723	Gear 3 incorrect Ratio
mercury	P1724	Gear 4 Incorrect Ratio
mercury	P1725	Insufficient Engine Speed Increase During Self Test
mercury	P1726	Insufficient Engine Speed Decrease During Self Test
mercury	P1727	Coast Clutch Solenoid Inductive Signature Malfunction
mercury	P1728	Transmission Slip Error
mercury	P1729	4x4 Low Switch Error
mercury	P1731	1-2 Shift Malfunction
mercury	P1732	2-3 Shift Malfunction
mercury	P1733	3-4 Shift Malfunction
mercury	P1740	Transmission system problems
mercury	P1741	Torque Converter Clutch Control Error
mercury	P1742	Torque Converter Clutch Solenoid Faulty
mercury	P1743	Torque Converter Clutch Solenoid Faulty
mercury	P1744	Torque Converter Clutch System Stuck in Off Position
mercury	P1745	Transmission system problems
mercury	P1746	Electronic Pressure Control Solenoid A Open Circuit
mercury	P1747	Electronic Pressure Control Solenoid A Short Circuit
mercury	P1748	EPC Malfunction
mercury	P1749	Electronic Pressure Control Solenoid Failed Low
mercury	P1751	Shift Solenoid A Performance
mercury	P1754	Coast Clutch Solenoid Circuit Malfunction
mercury	P1756	Shift Solenoid B Performance
mercury	P1760	Transmission system problems
mercury	P1761	Shift Solenoid C Performance
mercury	P1762	Overdrive Band Failed Off
mercury	P1766	Shift Solenoid D Performance
mercury	P1767	Torque Converter Clutch Circuit Malfunction
mercury	P1768	Performance Normal Winter Mode Input Malfunction
mercury	P1770	Clutch Solenoid Circuit Malfunction
mercury	P1779	Transmission Control Indicator Lamp Circuit Malfunction
mercury	P1780	Transmission Control Switch Circuit is Out of Self-Test Range
mercury	P1781	4x4 Low Switch is Out of Self-Test Range
mercury	P1782	P/ES Circuit Out Of Self Test Range
mercury	P1783	Transmission Over-Temperature Condition
mercury	P1784	Transmission Mechanical Failure First And Reverse
mercury	P1785	Transmission Mechanical Failure First And Second
mercury	P1786	3-2 Downshift Error
mercury	P1787	2-1 Downshift Error
mercury	P1788	Pressure Control Solenoid B Open Circuit
mercury	P1789	Pressure Control Solenoid B Short Circuit
mercury	P1795	Idle Switch Circuit Malfunction
mercury	P1804	Transmission 4-Wheel Drive High Indicator Circuit Failure
mercury	P1806	Transmission 4-Wheel Drive High Indicator Short Circuit To Battery
mercury	P1808	Transmission 4-Wheel Drive Low Indicator Circuit Failure
mercury	P1810	TFP Valve Position Switch Circuit Transmission 4-Wheel Drive Low Indicator Short Circuit To Battery
mercury	P1812	Transmission 4-Wheel Drive Mode Select Circuit Failure
mercury	P1815	Transmission 4-Wheel Drive Mode Select Short Circuit To Ground
mercury	P1819	Transmission Neutral Safety Switch Short Circuit To Ground
mercury	P1820	Transmission Transfer Case Clockwise Shift Relay Coil Circuit Failure
mercury	P1822	Transmission Transfer Case Clockwise Shift Relay Coil Short Circuit To Battery
mercury	P1824	Transmission 4-Wheel Drive Clutch Relay Circuit Failure
mercury	P1826	Transmission 4-Wheel Drive Low Clutch Relay Circuit To Battery
mercury	P1828	Transmission Transfer Case Counter Clockwise Shift Relay Coil Circuit Failure
mercury	P1830	Transmission Transfer Case Counter Clockwise Shift Relay Coil Short Circuit To Battery
mercury	P1832	Transmission Transfer Case Differential Lock-Up Solenoid Circuit Failure
mercury	P1834	Transmission Transfer Case Differential Lock-Up Solenoid Short Circuit To Battery
mercury	P1838	Transmission Transfer Case Shift Motor Circuit Failure
mercury	P1846	Transmission Transfer Case Contact Plate A Circuit Failure
mercury	P1850	Transmission Transfer Case Contact Plate B Circuit Failure
mercury	P1854	Transmission Transfer Case Contact Plate C Circuit Failure
mercury	P1858	Transmission Transfer Case Contact Plate D Circuit Failure
mercury	P1866	Transmission Transfer Case System Concern Servicing Required
mercury	P1867	Transmission Transfer Case Contact Plate General Circuit Failure
mercury	P1876	Transmission Transfer Case 2-Wheel Drive Solenoid Circuit Failure
mercury	P1877	Transmission Transfer Case 2-Wheel Drive Solenoid Circuit Short To Battery
mercury	P1881	Engine Coolant Level Switch Circuit Failure GEM
mercury	P1882	Engine Coolant Level Switch Circuit Short to Ground
mercury	P1883	Engine Coolant Level Switch Circuit Failure GEM
mercury	P1884	Engine Coolant Level Lamp Circuit Short to Ground
mercury	P1891	Transmission Transfer Case Contact Plate Ground Return Open Circuit
mercury	P1900	Output Shaft Speed OSS Circuit Intermittent Malfunction
mercury	P1901	Turbine Shaft Speed TSS Circuit Intermittent Malfunction
mercury	P1902	Kickdown Solenoid Relay Control Circuit
mercury	P1903	Kickdown Solenoid Circuit Low Voltage
mercury	P1904	Kickdown Solenoid Circuit High Voltage
mitsubishi	P1100	Induction Control Motor Position Sensor Fault
mitsubishi	P1101	Traction Control Vacuum Solenoid Circuit Fault
mitsubishi	P1102	Traction Control Ventilation Solenoid Circuit Fault
mitsubishi	P1103	Turbocharger Wastegate Actuator
mitsubishi	P1104	Turbocharger Wastegate Solenoid
mitsubishi	P1105	Fuel Pressure Solenoid
mitsubishi	P1294	Target Idle Speed Not Reached
mitsubishi	P1295	No 5 Volt Supply To TP Sensor
mitsubishi	P1296	No 5 Volt Supply To MAP Sensor
mitsubishi	P1297	No Charge In MAP From Start To Run
mitsubishi	P1300	Ignition Timing Adjustment Circuit
mitsubishi	P1390	Timing Belt Skipped One Tooth Or More
mitsubishi	P1391	Intermittent Loss Of CMP Or CKP Sensor Signals
mitsubishi	P1400	Manifold Differential Pressure Sensor Circuit
mitsubishi	P1443	EVAP Purge Control Solenoid 2 Circuit Fault
mitsubishi	P1486	EVAP Leak Monitor Pinched Hose Detected
mitsubishi	P1487	High Speed Radiator Fan Control Relay Circuit Fault
mitsubishi	P1489	High Speed Condenser Fan Control Relay Fault
mitsubishi	P1490	Low Speed Fan Control Relay Fault
mitsubishi	P1492	Battery Temperature Sensor High Voltage
mitsubishi	P1494	EVAP Ventilation Switch Or Mechanical Fault
mitsubishi	P1495	EVAP Ventilation Solenoid Circuit Fault
mitsubishi	P1496	5 Volt Supply Output Too Low
mitsubishi	P1500	Alternator FR Terminal Circuit
mitsubishi	P1600	Serial Communication Link
mitsubishi	P1696	PCM Failure EEPROM Write Denied
mitsubishi	P1698	No CCD Messages From TCM
mitsubishi	P1715	Pulse Generator Assembly
mitsubishi	P1750	Solenoid Assembly
mitsubishi	P1751	A/T Control Relay
mitsubishi	P1791	Engine Coolant Temperature Level Input Circuit
mitsubishi	P1791	PCM ECT Level Signal To TCM Circuit Fault
mitsubishi	P1795	Throttle Position Input Circuit To TCM
mitsubishi	P1899	P/N Position Transaxle Range Switch Circuit Fault
nissan	P1105	MAP BARO Pressure Switch Solenoid Valve
nissan	P1110	Intake Valve Timing Control Solenoid
nissan	P1120	Secondary Throttle Position Sensor Circuit Fault
nissan	P1125	Tandem Throttle Position Sensor Circuit Fault
nissan	P1126	Thermostat Function
nissan	P1130	Swirl Control Valve Control Solenoid Valve
nissan	P1135	Intake Valve Timing Control Circuit Bank 2
nissan	P1140	Intake Valve Timing Control Position Sensor Bank 1
nissan	P1145	Intake Valve Timing Control Position Sensor Bank 2
nissan	P1148	Closed Loop Control Bank 1
nissan	P1165	Swirl Control Valve Control Vacuum Switch
nissan	P1168	Closed Loop Control Bank 2
nissan	P1210	Traction Control System Signal Fault
nissan	P1211	ABS TCS Control Unit
nissan	P1212	ABS TCS Communication Line
nissan	P1217	Engine Over Temperature Overheat
nissan	P1220	Fuel Pump Control Signal Fault
nissan	P1320	Ignition Signal
nissan	P1335	Crankshaft Position Sensor REF
nissan	P1336	Crankshaft Position Sensor CKPS
nissan	P1400	EGRC Solenoid Valve
nissan	P1401	EGR Temperature Sensor
nissan	P1402	EGR System
nissan	P1440	EVAP Control System Small Leak
nissan	P1441	Vacuum Cut Valve Bypass Valve
nissan	P1443	EVAP Canister Control Vacuum Switch Circuit Fault
nissan	P1444	Canister Purge Volume Control Solenoid Valve
nissan	P1445	EVAP Canister Purge Volume Control Valve
nissan	P1446	EVAP Canister Vent Control Valve Closed
nissan	P1447	EVAP Control System Purge Flow Monitoring
nissan	P1448	EVAP Canister Vent Control Valve Open
nissan	P1464	Fuel Level Sensor Circuit Ground Signal
nissan	P1490	Vacuum Cut Valve Bypass Valve Circuit
nissan	P1491	Vacuum Cut Valve Bypass Valve
nissan	P1492	EVAP Canister Purge Control Solenoid Valve Circuit
nissan	P1493	EVAP Canister Purge Control Valve Solenoid Valve
nissan	P1550	TCC Solenoid Valve
nissan	P1605	AT Diagnostic Communication Line
nissan	P1701	Fuel Trim
nissan	P1705	Throttle Position Sensor Circuit AT
nissan	P1706	Park Neutral Position PNP Switch
nissan	P1760	Overrun Clutch Solenoid Valve Circuit
nissan	P1780	Transmission Control Switch Circuit Overdrive Off Switch Not Cycled During The Self Test
nissan	P1781	Transmission 4x4 Low Switch Out Of Range Fault
nissan	P1783	Transmission Fluid Temperature High Input
nissan	P1788	Pressure Control Solenoid B Circuit Open
nissan	P1789	Pressure Control Solenoid B Circuit Shorted
nissan	P1790	TP Mechanical Circuit
nissan	P1791	TP Electric Circuit
nissan	P1792	Barometer Pressure Circuit
nissan	P1793	Intake Air Volume Circuit
nissan	P1794	Powertrain Control Module Battery Direct Power Circuit
nissan	P1795	Idle Switch Circuit
nissan	P1796	Kick Down Switch Circuit
nissan	P1797	P/N Switch Open Or Short Circuit
nissan	P1798	Coolant Temperature Circuit
nissan	P1799	Hold Switch Circuit
nissan	P1900	Turbine Speed Sensor Circuit Intermittent
nissan	P1901	Torque Converter Clutch Circuit Intermittent
subaru	P1086	Tumble Generator Valve #2 LH Position Sensor Circuit Low Input
subaru	P1087	Tumble Generator Valve #2 LH Position Sensor Circuit High Input
subaru	P1088	Tumble Generator Valve #1 RH Position Sensor Circuit Low Input
subaru	P1089	Tumble Generator Valve #1 RH Position Sensor Circuit High Input
subaru	P1090	Tumble Generator Valve #1 RH Malfunction Stuck Open
subaru	P1091	Tumble Generator Valve #1 RH Malfunction Stuck Close
subaru	P1092	Tumble Generator Valve #2 LH Malfunction Stuck Open
subaru	P1093	Tumble Generator Valve #2 LH Malfunction Stuck Close
subaru	P1094	Tumble Generator Valve Circuit #1 Open Circuit
subaru	P1095	Tumble Generator Valve Circuit #1 Over Current
subaru	P1096	Tumble Generator Valve Circuit #2 Open Circuit
subaru	P1097	Tumble Generator Valve Circuit #2 Over Current
subaru	P1100	Starter Switch Circuit Malfunction
subaru	P1101	Neutral Position Switch Circuit Malfunction M/T
subaru	P1102	Pressure Sources Solenoid Valve Circuit Malfunction
subaru	P1103	Pressure Sources Switching Solenoid Valve Circuit
subaru	P1104	Engine Torque Control Signal Circuit Malfunction
subaru	P1106	Engine Torque Control Signal 2 Circuit Malfunction
subaru	P1107	AIR System Diagnosis Solenoid Circuit Fault
subaru	P1110	Atmospheric Pressure Sensor Low Input
subaru	P1111	Atmospheric Pressure Sensor High Input
subaru	P1112	Atmospheric Pressure Sensor Range Performance Problem
subaru	P1115	Engine Torque Control Cut Signal Circuit High Input
subaru	P1116	Engine Torque Control Cut Signal Circuit Low Input
subaru	P1120	Starter Switch High Input
subaru	P1121	Neutral Position Switch Circuit Low Input AT Vehicles
subaru	P1122	Pressure Sources Switching Valve Circuit High Input
subaru	P1124	TCS Signal Circuit High Input
subaru	P1130	Front Oxygen Sensor Circuit Malfunction Open Circuit
subaru	P1131	Front Oxygen Sensor Circuit Malfunction Short Circuit
subaru	P1134	Front Oxygen AF Sensor Microcomputer Problem
subaru	P1137	Front Oxygen AF Sensor Circuit Range Performance Problem
subaru	P1139	Front Oxygen AF Sensor #1 Heater Circuit Performance Range Problem
subaru	P1141	Mass Air Flow Sensor Circuit High Input
subaru	P1142	Mass Air Flow Sensor Circuit Low Input
subaru	P1143	Pressure Sensor Circuit Low Input
subaru	P1144	Pressure Sensor Circuit High Input
subaru	P1146	Pressure Sensor Circuit Range Performance Problem High Input
subaru	P1150	Front Oxygen Sensor Heater Circuit High Input
subaru	P1151	Rear Oxygen Sensor Heater Circuit High Input
subaru	P1230	Fuel Pump Control Unit Malfunction
subaru	P1244	Wastegate Control Solenoid Valve Malfunction Low Input
subaru	P1245	Wastegate Control Solenoid Valve Malfunction Fail Safe
subaru	P1301	Fire Due To Increased Exhaust Temperature
subaru	P1312	Exhaust Temperature Sensor Malfunction
subaru	P1325	Knock Sensor Circuit Low Input
subaru	P1400	Fuel Tank Pressure Control Solenoid Low Input
subaru	P1401	Fuel Tank Pressure Control System Performance
subaru	P1402	Fuel Level Pressure Sensor Circuit Fault
subaru	P1420	Fuel Tank Pressure Control Solenoid High Input
subaru	P1421	Exhaust Gas Recirculation Circuit High Input
subaru	P1422	EVAP Purge Control Solenoid Valve Circuit High Input
subaru	P1423	EVAP Vent Control High Input
subaru	P1440	Fuel Tank Pressure Control System Low Input
subaru	P1441	Fuel Tank Pressure Control System High Input
subaru	P1442	Fuel Level Sensor Circuit Range Performance
subaru	P1443	EVAP Control System Vent Control Function Problem
subaru	P1480	Cooling Fan Relay 1 Circuit High Input
subaru	P1500	Radiator Fan Relay 1 Circuit Malfunction
subaru	P1501	Idle Control System Malfunction Fail Safe
subaru	P1502	Radiator Fan Function Problem
subaru	P1507	Idle Control System Malfunction Fail Safe
subaru	P1510	Idle Air Control Solenoid Signal 1 Circuit Low Input
subaru	P1511	Idle Air Control Solenoid Signal 1 Circuit High Input
subaru	P1512	Idle Air Control Solenoid Signal 2 Circuit Low Input
subaru	P1513	Idle Air Control Solenoid Signal 2 Circuit High Input
subaru	P1514	Idle Air Control Solenoid Signal 3 Circuit Low Input
subaru	P1515	Idle Air Control Solenoid Signal 3 Circuit High Input
subaru	P1516	Idle Air Control Solenoid Signal 4 Circuit Low Input
subaru	P1517	Idle Air Control Solenoid Signal 4 Circuit High Input
subaru	P1518	Starter Switch Circuit Low Input
subaru	P1520	Radiator Fan Relay 1 Circuit High Input
subaru	P1540	Vehicle Speed Sensor Malfunction
subaru	P1544	High Exhaust Temperature Detected
subaru	P1560	Back-Up Voltage Circuit Malfunction
subaru	P1590	Neutral Position Switch Circuit High Input
subaru	P1591	Neutral Position Switch Circuit Low Input
subaru	P1592	Neutral Position Switch Circuit MT Model
subaru	P1594	Automatic Transmission Diagnosis Input Signal Circuit Malfunction
subaru	P1595	Automatic Transmission Diagnosis Input Signal Circuit Low Input
subaru	P1596	Automatic Transmission Diagnosis Input Signal Circuit High Input
subaru	P1698	Engine Torque Control Cut Signal Circuit Low Input
subaru	P1699	Engine Torque Control Cut Signal Circuit High Input
subaru	P1700	Throttle Position Sensor Circuit Malfunction AT
subaru	P1701	Cruise Control Set Signal Circuit Malfunction AT
subaru	P1702	Auto Trans Diagnosis Input Signal Circuit
subaru	P1703	Low Clutch Timing Control Solenoid Valve Circuit Malfunction
subaru	P1704	2-4 Brake Timing Solenoid Valve Circuit Malfunction
subaru	P1705	2-4 Brake Pressure Solenoid Valve Solenoid D Circuit
subaru	P1711	Engine Torque Control Signal 1 Circuit Malfunction
subaru	P1712	Engine Torque Control Signal 2 Circuit Malfunction
subaru	P1722	Auto Trans Diagnosis Input Signal High Input
subaru	P1742	Auto Trans Diagnosis Input Signal Malfunction
suzuki	P1250	EFE Heater Circuit Fault
suzuki	P1408	Maniforld Differential Pressure Sensor Circuit Fault
suzuki	P1410	Fuel Tank Pressure Control Solenoid Circuit Fault
suzuki	P1450	Barometric Pressure Sensor Too Low Or Too High
suzuki	P1451	Barometric Pressure Sensor Performance
suzuki	P1460	Radiator Fan Control System Fault
suzuki	P1500	Engine Starter Signal Circuit Fault
suzuki	P1510	PCM Backup Power Supply Circuit Fault
suzuki	P1530	Ignition Timing Adjustment Switch Circuit Fault
suzuki	P1600	PCM TCM Serial Communication Circuit Fault
suzuki	P1700	TCM Throttle Position Sensor Circuit Fault
suzuki	P1705	TCM ECT Sensor Circuit Fault
suzuki	P1710	Back-Up Signal For Speed Sensor Circuit Malfunction
suzuki	P1715	PNP Switch Circuit Fault
suzuki	P1717	AT Drive Range Signal Circuit Fault
suzuki	P1875	4WD Low Switch Circuit Malfunction
suzuki	P1895	TCM To ECM Torque Reduction Circuit Malfunction
toyota	P1100	BARO Sensor Circuit
toyota	P1120	Accelerator Pedal Position Sensor Circuit
toyota	P1121	Accelerator Pedal Position Sensor Range Performance Problem
toyota	P1125	Throttle Control Motor Circuit
toyota	P1126	Magnetic Clutch Circuit
toyota	P1127	ETCS Actuator Power Source Circuit
toyota	P1128	Throttle Control Motor Lock
toyota	P1129	Electric Throttle Control System
toyota	P1130	Air/Fuel Sensor Circuit Range Performance Bank 1 Sensor 1
toyota	P1133	Air/Fuel Sensor Circuit Response Bank 1 Sensor 1
toyota	P1135	Air/Fuel Sensor Heater Circuit Response Bank 1 Sensor 1
toyota	P1150	Air/Fuel Sensor Circuit Range Performance Bank 1 Sensor 2
toyota	P1153	Air/Fuel Sensor Circuit Response Bank 1 Sensor 2
toyota	P1155	Air/Fuel Sensor Heater Circuit Bank 1 Sensor 2
toyota	P1200	Fuel Pump Relay Circuit
toyota	P1300	Igniter Circuit Malfunction No 1
toyota	P1305	Igniter Circuit Malfunction No 2
toyota	P1335	No Crankshaft Position Sensor Signal Engine Running
toyota	P1349	VVT System
toyota	P1400	Sub-Throttle Position Sensor
toyota	P1401	Sub-Throttle Position Sensor Range Performance Problem
toyota	P1405	Turbo Pressure Sensor Circuit
toyota	P1406	Turbo Pressure Sensor Range Performance Problem
toyota	P1410	EGR Valve Position Sensor Circuit Malfunction
toyota	P1411	EGR Valve Position Sensor Circuit Range Performance
toyota	P1500	Starter Signal Circuit
toyota	P1510	Boost Pressure Control Circuit
toyota	P1511	Boost Pressure Low
toyota	P1512	Boost Pressure High
toyota	P1520	Stop Lamp Switch Signal Malfunction
toyota	P1565	Cruise Control Main Switch Circuit
toyota	P1600	ECM BATT Malfunction
toyota	P1605	Knock Control CPU
toyota	P1630	Traction Control System
toyota	P1633	ECM
toyota	P1652	Idle Air Control Valve Control Circuit
toyota	P1656	OCV Circuit
toyota	P1658	Wastegate Valve Control Circuit
toyota	P1661	EGR Circuit
toyota	P1662	EGR Bypass Valve Control Circuit
toyota	P1700	Vehicle Speed Sensor 2 Circuit Fault
toyota	P1705	Direct Clutch Speed Circuit Fault
toyota	P1765	Linear Shift Solenoid Circuit Fault
toyota	P1780	Park Neutral Position Switch Malfunction Only For A/T
toyota	P1895	TCM To ECM Torque Reduction Circuit Malfunction
volkswagen	P1101	Oxygen Sensor Circuit Bank 1 Sensor 1 Voltage Too Low/Air Leak
volkswagen	P1102	Oxygen Sensor Heating Circuit Bank 1 Sensor 1 Voltage Too Low/Air Leak
volkswagen	P1103	Oxygen Sensor Heating Circuit Bank 1 Sensor 1 Short To B+
volkswagen	P1104	Oxygen Sensor Bank 1 Sensor 2 Voltage Too Low/Air Leak
volkswagen	P1105	Oxygen Sensor Heating Circuit Bank 1 Sensor 2 Short To B+
volkswagen	P1106	Oxygen Sensor Circuit Bank 2 Sensor 1 Voltage Too Low/Air Leak
volkswagen	P1107	Oxygen Sensor Heating Circuit Bank 2 Sensor 1 Short To B+
volkswagen	P1108	Oxygen Sensor Heating Circuit Bank 2 Sensor 1 Output Too Low
volkswagen	P1109	Oxygen Sensor Circuit Bank 2 Sensor 2 Voltage Too Low/Air Leak
volkswagen	P1110	Oxygen Sensor Heating Circuit Bank 2 Sensor 2 Short To B+
volkswagen	P1111	Oxygen Sensor Control Bank 1 System Too Lean
volkswagen	P1112	Oxygen Sensor Control Bank 1 System Too Rich
volkswagen	P1113	Oxygen Sensor Heater Resistance Too High Bank 1 Sensor 1
volkswagen	P1114	Bank 1 Sensor 2 Resistance Too High
volkswagen	P1115	Oxygen Sensor Heater Circuit Short To Ground Bank 1 Sensor 1
volkswagen	P1116	Oxygen Sensor Heater Circuit Open Bank 1 Sensor 1
volkswagen	P1117	Oxygen Sensor Heater Circuit Short To Ground Bank 1 Sensor 2
volkswagen	P1118	Oxygen Sensor Heater Circuit Open Bank 1 Sensor 2
volkswagen	P1119	Oxygen Sensor Heater Circuit Bank 2 Sensor 1 Short To Ground
volkswagen	P1120	Oxygen Sensor Heater Circuit Bank 2 Sensor 1 Open
volkswagen	P1121	Oxygen Sensor Heater Circuit Bank 2 Sensor 2 Short To Ground
volkswagen	P1122	Oxygen Sensor Heater Circuit Bank 2 Sensor 2 Open
volkswagen	P1123	Long Term Fuel Trim Add Air Bank 1 System Too Rich
volkswagen	P1124	Long Term Fuel Trim Add Air Bank 1 System Too Lean
volkswagen	P1125	Long Term Fuel Trim Add Air Bank 2 System Too Rich
volkswagen	P1126	Long Term Fuel Trim Add Air Bank 2 System Too Lean
volkswagen	P1127	Long Term Fuel Trim Bank 1 System Too Rich
volkswagen	P1128	Long Term Fuel Trim Bank 1 System Too Lean
volkswagen	P1129	Long Term Fuel Trim Bank 2 System Too Rich
volkswagen	P1130	Long Term Fuel Trim Bank 2 System Too Lean
volkswagen	P1131	Bank 2 Sensor 1 Resistance Too High
volkswagen	P1132	Oxygen Sensor Heating Circuit Bank 1 + 2 Sensor 1 Short To B+
volkswagen	P1133	Oxygen Sensor Heating Circuit Bank 1 + 2 Sensor 1 Electrical Malfunction
volkswagen	P1134	Oxygen Sensor Heating Circuit Bank 1 + 2 Sensor 2 Short To B+
volkswagen	P1135	Oxygen Sensor Heating Circuit Bank 1 + 2 Sensor 2 Electrical Malfunction
volkswagen	P1136	Long Term Fuel Trim Add Fuel Bank 1 System Too Lean
volkswagen	P1137	Long Term Fuel Trim Add Fuel Bank 1 System Too Rich
volkswagen	P1138	Long Term Fuel Trim Add Fuel Bank 2 System Too Lean
volkswagen	P1139	Long Term Fuel Trim Add Fuel Bank 2 System Too Rich
volkswagen	P1140	Bank 2 Sensor 2 Resistance Too High
volkswagen	P1141	Load Calculation Cross Check Range Performance
volkswagen	P1142	Load Calculation Cross Check Lower Limit Exceeded
volkswagen	P1143	Load Calculation Cross Check Upper Limit Exceeded
volkswagen	P1144	Mass Or Volume Air Flow Circuit Open/Short To Ground
volkswagen	P1145	Mass Or Volume Air Flow Circuit Short To B+
volkswagen	P1146	Mass Or Volume Air Flow Circuit Power Supply Malfunction
volkswagen	P1147	Oxygen Sensor Control Bank 2 System Too Lean
volkswagen	P1148	Oxygen Sensor Control Bank 2 System Too Rich
volkswagen	P1149	Oxygen Sensor Control Bank 1 Out Of Range
volkswagen	P1150	Oxygen Sensor Control Bank 2 Out Of Range
volkswagen	P1151	Bank 1 Long Term Fuel Trim Range 1 Lower Lean Limit Exceeded
volkswagen	P1152	Bank 1 Long Term Fuel Trim Range 2 Lower Lean Limit Exceeded
volkswagen	P1154	Manifold Switch Over Malfunction
volkswagen	P1155	Manifold Absolute Pressure Sensor Circuit Short To B+
volkswagen	P1156	Manifold Absolute Pressure Sensor Circuit Open/Short To Ground
volkswagen	P1157	Manifold Absolute Pressure Sensor Circuit Power Supply Malfunction
volkswagen	P1158	Manifold Absolute Pressure Sensor Circuit Range Performance
volkswagen	P1160	Manifold Temperature Sensor Circuit Short To Ground
volkswagen	P1161	Manifold Temperature Sensor Circuit Open/Short To B+
volkswagen	P1162	Fuel Temperature Sensor Circuit Short To Ground
volkswagen	P1163	Fuel Temperature Sensor Circuit Open/Short To B+
volkswagen	P1164	Fuel Temperature Sensor Range Performance
volkswagen	P1165	Bank 1 Long Term Fuel Trim Range 1 Lower Lean Limit Exceeded
volkswagen	P1166	Bank 1 Long Term Fuel Trim Range 2 Upper Rich Limit Exceeded
volkswagen	P1171	Throttle Actuation Potentiometer Signal 2 Range Performance
volkswagen	P1172	Throttle Actuation Potentiometer Signal 2 Signal Too Low
volkswagen	P1173	Throttle Actuation Potentiometer Signal 2 Signal Too High
volkswagen	P1174	Fuel Trim Bank 1 Different Injection Times
volkswagen	P1176	Rear Oxygen Sensor Correction
volkswagen	P1177	Oxygen Sensor Correction Behind Catalyst Bank 1 Limit Attained
volkswagen	P1178	Linear Oxygen Sensor Pump Current Open
volkswagen	P1179	Linear Oxygen Sensor Pump Current Short To Ground
volkswagen	P1180	Linear Oxygen Sensor Pump Current Short To B+
volkswagen	P1181	Linear Oxygen Sensor Reference Voltage Open
volkswagen	P1182	Linear Oxygen Sensor Reference Voltage Short To Ground
volkswagen	P1183	Linear Oxygen Sensor Reference Voltage Short To B+
volkswagen	P1184	Linear Oxygen Sensor Common Ground Wire Open
volkswagen	P1185	Linear Oxygen Sensor Common Ground Wire Short To Ground
volkswagen	P1186	Linear Oxygen Sensor Common Ground Short To B+
volkswagen	P1187	Linear Oxygen Sensor Compensation Resistor Open
volkswagen	P1188	Linear Oxygen Sensor Compensation Resistor Short To Ground
volkswagen	P1189	Linear Oxygen Sensor Compensation Resistor Short To B+
volkswagen	P1190	Linear Oxygen Sensor Reference Voltage Incorrect Signal
volkswagen	P1196	Oxygen Sensor Heater Circuit Bank 1 Sensor 1 Electrical Malfunction
volkswagen	P1197	Oxygen Sensor Heater Circuit Bank 2 Sensor 1 Electrical Malfunction
volkswagen	P1198	Oxygen Sensor Heater Circuit Bank 1 Sensor 2 Electrical Malfunction
volkswagen	P1199	Oxygen Sensor Heater Circuit Bank 2 Sensor 2 Electrical Malfunction
volkswagen	P1201	Cylinder 1 Fuel Injector Circuit Electrical Malfunction
volkswagen	P1202	Cylinder 2 Fuel Injector Circuit Electrical Malfunction
volkswagen	P1203	Cylinder 3 Fuel Injector Circuit Electrical Malfunction
volkswagen	P1204	Cylinder 4 Fuel Injector Circuit Electrical Malfunction
volkswagen	P1205	Cylinder 5 Fuel Injector Circuit Electrical Malfunction
volkswagen	P1206	Cylinder 6 Fuel Injector Circuit Electrical Malfunction
volkswagen	P1207	Cylinder 7 Fuel Injector Circuit Electrical Malfunction
volkswagen	P1208	Cylinder 8 Fuel Injector Circuit Electrical Malfunction
volkswagen	P1209	Intake Valves For Cylinder Shut-Off Short Circuit To Ground
volkswagen	P1210	Intake Valves For Cylinder Shut-Off Short To B+
volkswagen	P1211	Intake Valves For Cylinder Shut-Off Open Circuit
volkswagen	P1213	Cylinder 1 Fuel Injector Circuit Short To B+
volkswagen	P1214	Cylinder 2 Fuel Injector Circuit Short To B+
volkswagen	P1215	Cylinder 3 Fuel Injector Circuit Short To B+
volkswagen	P1216	Cylinder 4 Fuel Injector Circuit Short To B+
volkswagen	P1217	Cylinder 5 Fuel Injector Circuit Short To B+
volkswagen	P1218	Cylinder 6 Fuel Injector Circuit Short To B+
volkswagen	P1219	Cylinder 7 Fuel Injector Circuit Short To B+
volkswagen	P1220	Cylinder 8 Fuel Injector Circuit Short To B+
volkswagen	P1225	Cylinder 1 Injector Circuit Short To Ground
volkswagen	P1226	Cylinder 2 Injector Circuit Short To Ground
volkswagen	P1227	Cylinder 3 Injector Circuit Short To Ground
volkswagen	P1228	Cylinder 4 Injector Circuit Short To Ground
volkswagen	P1229	Cylinder 5 Injector Circuit Short To Ground
volkswagen	P1230	Cylinder 6 Injector Circuit Short To Ground
volkswagen	P1231	Cylinder 7 Injector Circuit Short To Ground
volkswagen	P1232	Cylinder 8 Injector Circuit Short To Ground
volkswagen	P1237	Cylinder 1 Injector Circuit Open Circuit
volkswagen	P1238	Cylinder 2 Injector Circuit Open Circuit
volkswagen	P1239	Cylinder 3 Injector Circuit Open Circuit
volkswagen	P1240	Cylinder 4 Injector Circuit Open Circuit
volkswagen	P1241	Cylinder 5 Injector Circuit Open Circuit
volkswagen	P1242	Cylinder 6 Injector Circuit Open Circuit
volkswagen	P1243	Cylinder 7 Injector Circuit Open Circuit
volkswagen	P1244	Cylinder 8 Injector Circuit Open Circuit
volkswagen	P1245	Needle Lift Sensor Circuit Short To Ground
volkswagen	P1246	Needle Lift Sensor Circuit Range Performance
volkswagen	P1247	Needle Lift Sensor Circuit Open/Short To B+
volkswagen	P1248	Injection Start Control Deviation
volkswagen	P1249	Fuel Consumption Signal Electrical Fault In Circuit
volkswagen	P1250	Fuel Level Too Low
volkswagen	P1251	Start Of Injection Solenoid Circuit Short To B+
volkswagen	P1252	Start Of Injection Solenoid Circuit Open/Short To Ground
volkswagen	P1253	Fuel Consumption Signal Short To Ground
volkswagen	P1254	Fuel Consumption Signal Short To B+
volkswagen	P1255	Engine Coolant Temperature Circuit Short To Ground
volkswagen	P1256	Engine Coolant Temperature Circuit Open/Short To B+
volkswagen	P1257	Engine Coolant System Valve Open
volkswagen	P1258	Engine Coolant System Valve Short To B+
volkswagen	P1259	Engine Coolant System Valve Short To Ground
volkswagen	P1280	Fuel Injection Air Control Valve Circuit Flow Too Low
volkswagen	P1283	Fuel Injection Air Control Valve Circuit Electrical Malfunction
volkswagen	P1284	Fuel Injection Air Control Valve Circuit Open
volkswagen	P1285	Fuel Injection Air Control Valve Circuit Short To Ground
volkswagen	P1286	Fuel Injection Air Control Valve Circuit Short To B+
volkswagen	P1287	Turbocharge Bypass Valve Open
volkswagen	P1288	Turbocharge Bypass Valve Short To B+
volkswagen	P1289	Turbocharge Bypass Valve Short To Ground
volkswagen	P1300	Misfire Detected Fuel Level Too Low
volkswagen	P1319	Knock Sensor 1 Circuit Short To Ground
volkswagen	P1320	Knock Sensor 2 Circuit Short To Ground
volkswagen	P1321	Knock Sensor 3 Circuit Low Input
volkswagen	P1322	Knock Sensor 3 Circuit High Input
volkswagen	P1323	Knock Sensor 4 Circuit Low Input
volkswagen	P1324	Knock Sensor 4 Circuit High Input
volkswagen	P1325	Cylinder 1 Knock Control Limit Attained
volkswagen	P1326	Cylinder 2 Knock Control Limit Attained
volkswagen	P1327	Cylinder 3 Knock Control Limit Attained
volkswagen	P1328	Cylinder 4 Knock Control Limit Attained
volkswagen	P1329	Cylinder 5 Knock Control Limit Attained
volkswagen	P1330	Cylinder 6 Knock Control Limit Attained
volkswagen	P1331	Cylinder 7 Knock Control Limit Attained
volkswagen	P1332	Cylinder 8 Knock Control Limit Attained
volkswagen	P1335	Engine Torque Monitoring 2 Control Limit Exceeded
volkswagen	P1336	Engine Torque Adaptation At Limit
volkswagen	P1337	CMP Sensor Bank 1 Short To Ground
volkswagen	P1338	CMP Sensor Bank 1 Open Circuit Or Short To B+
volkswagen	P1339	Crankshaft Position Engine Speed Sensor Cross Connected
volkswagen	P1340	CKP CMP Sensor Signals Out Of Sequence
volkswagen	P1341	Ignition Coil Output Stage 1 Short To Ground
volkswagen	P1342	Ignition Coil Power Output State 1 Short To B+
volkswagen	P1343	Ignition Coil Output Stage 2 Short To Ground
volkswagen	P1345	Ignition Coil Output Stage 3 Short To Ground
volkswagen	P1346	Ignition Coil Power Output State 3 Short To B+
volkswagen	P1347	Bank 2 Crankshaft Camshaft Position Sensor Signal Out Of Sequence
volkswagen	P1348	Ignition Coil Power Output Stage 1 Open
volkswagen	P1349	Ignition Coil Power Output Stage 2 Open
volkswagen	P1350	Ignition Coil Power Output Stage 3 Open
volkswagen	P1354	Modulation Piston Displacement Sensor Circuit Malfunction
volkswagen	P1355	Cylinder 1 Ignition Circuit Open
volkswagen	P1356	Cylinder 1 Ignition Circuit Short To B+
volkswagen	P1357	Cylinder 1 Ignition Circuit Short To Ground
volkswagen	P1358	Cylinder 2 Ignition Circuit Open
volkswagen	P1359	Cylinder 2 Ignition Circuit Short To B+
volkswagen	P1360	Cylinder 2 Ignition Circuit Short To Ground
volkswagen	P1361	Cylinder 3 Ignition Circuit Open
volkswagen	P1362	Cylinder 3 Ignition Circuit Short To B+
volkswagen	P1363	Cylinder 3 Ignition Circuit Short To Ground
volkswagen	P1364	Cylinder 4 Ignition Circuit Open
volkswagen	P1365	Cylinder 4 Ignition Circuit Short To B+
volkswagen	P1366	Cylinder 4 Ignition Circuit Short To Ground
volkswagen	P1367	Cylinder 5 Ignition Circuit Open
volkswagen	P1368	Cylinder 5 Ignition Circuit Short To B+
volkswagen	P1369	Cylinder 5 Ignition Circuit Short To Ground
volkswagen	P1370	Cylinder 6 Ignition Circuit Open
volkswagen	P1371	Cylinder 6 Ignition Circuit Short To B+
volkswagen	P1372	Cylinder 6 Ignition Circuit Short To Ground
volkswagen	P1373	Cylinder 7 Ignition Circuit Open
volkswagen	P1374	Cylinder 7 Ignition Circuit Short To B+
volkswagen	P1375	Cylinder 7 Ignition Circuit Short To Ground
volkswagen	P1376	Cylinder 8 Ignition Circuit Open
volkswagen	P1377	Cylinder 8 Ignition Circuit Short To B+
volkswagen	P1378	Cylinder 8 Ignition Circuit Short To Ground
volkswagen	P1386	Internal Control Module Knock Control Error
volkswagen	P1387	Control Unit Internal Altitude Sensor
volkswagen	P1388	Control Unit Internal Throttle Control
volkswagen	P1391	CMP Sensor Bank 2 Short To Ground
volkswagen	P1392	CMP Sensor Bank 2 Open Circuit Short To B+
volkswagen	P1393	Ignition Coil Power Output Stage 1 Malfunction
volkswagen	P1394	Ignition Coil Power Output Stage 2 Malfunction
volkswagen	P1395	Ignition Coil Power Output Stage 3 Malfunction
volkswagen	P1396	Engine Speed Sensor Missing Tooth
volkswagen	P1397	Engine Speed Wheel Adaptation At Limit
volkswagen	P1398	Engine RPM Signal Short To Ground
volkswagen	P1399	Engine RPM Signal Short To B+
volkswagen	P1400	EGR Valve Circuit Electrical Malfunction
volkswagen	P1401	EGR Valve Power Stage Short To Ground
volkswagen	P1402	EGR Valve Circuit Short To B+
volkswagen	P1403	EGR Flow Deviation
volkswagen	P1404	EGR Flow Adaptation Not Carried Out
volkswagen	P1406	EGR Temperature Sensor Range Performance
volkswagen	P1407	EGR Temperature Sensor Signal Too Low
volkswagen	P1408	EGR Temperature Sensor Signal Too High
volkswagen	P1409	Tank Ventilation Valve Electrical Malfunction
volkswagen	P1410	Tank Ventilation Valve Circuit Short To B+
volkswagen	P1411	Secondary Air Injection System Bank 2 Flow Too Lean
volkswagen	P1412	EGR Differential Pressure Sensor Signal Too Low
volkswagen	P1413	EGR Differential Pressure Sensor Signal Too High
volkswagen	P1414	Secondary Air Injection System Bank 2 Leak Detected
volkswagen	P1417	Fuel Level Sensor Signal Too Low
volkswagen	P1418	Fuel Level Sensor Signal Too High
volkswagen	P1420	Secondary Air Injection Control Module Electrical Malfunction
volkswagen	P1421	Secondary Air Injection Valve Circuit Short To Ground
volkswagen	P1422	Secondary Air Injection Valve Circuit Short To B+
volkswagen	P1423	Secondary Air Injection System Bank 1 Flow Too Low
volkswagen	P1424	Secondary Air Injection System Bank 1 Leak Detected
volkswagen	P1425	Tank Ventilation Valve Short To Ground
volkswagen	P1426	Tank Ventilation Valve Open Circuit
volkswagen	P1432	Secondary Air Injection Valve Open
volkswagen	P1433	Secondary Air Injection Pump Relay Circuit Open
volkswagen	P1434	Secondary Air Injection Pump Relay Circuit Short To B+
volkswagen	P1435	Secondary Air Injection Pump Relay Circuit Short To Ground
volkswagen	P1436	Secondary Air Injection Pump Relay Circuit Electrical Malfunction
volkswagen	P1439	EGR Valve Position Sensor Adaptation At Limit
volkswagen	P1440	EGR Valve Power Stage Open
volkswagen	P1441	EGR Valve Circuit Open Short To Ground
volkswagen	P1442	EGR Valve Position Sensor Signal Too High
volkswagen	P1443	EGR Valve Position Sensor Signal Too Low
volkswagen	P1444	EGR Valve Position Sensor Range Performance
volkswagen	P1445	Catalyst Temperature Sensor 2 Circuit Range Performance
volkswagen	P1446	Catalyst Temperature Circuit Short To Ground
volkswagen	P1447	Catalyst Temperature Circuit Open Short To B+
volkswagen	P1448	Catalyst Temperature Sensor 2 Circuit Short To Ground
volkswagen	P1449	Catalyst Temperature Sensor 2 Circuit Open Short To B+
volkswagen	P1450	Secondary Air Injection System Circuit Short To B+
volkswagen	P1451	Secondary Air Injection Circuit Short To Ground
volkswagen	P1452	Secondary Air Injection System Circuit Open
volkswagen	P1453	Exhaust Gas Temperature Sensor 1 Open Short To B+
volkswagen	P1454	Exhaust Gas Temperature Sensor 1 Short To Ground
volkswagen	P1455	Exhaust Gas Temperature Sensor 1 Range Performance
volkswagen	P1456	Exhaust Gas Temperature Control Bank 1 Limit Attained
volkswagen	P1457	Exhaust Gas Temperature Sensor 2 Open Short To B+
volkswagen	P1458	Exhaust Gas Temperature Sensor 2 Short To Ground
volkswagen	P1459	Exhaust Gas Temperature Sensor 2 Range Performance
volkswagen	P1460	Exhaust Gas Temperature Control Bank 2 Limit Attained
volkswagen	P1461	Exhaust Gas Temperature Control Bank 1 Range Performance
volkswagen	P1462	Exhaust Gas Temperature Control Bank 2 Range Performance
volkswagen	P1465	Additive Pump Short To B+
volkswagen	P1466	Additive Pump Open Short To Ground
volkswagen	P1467	EVAP Canister Purge Solenoid Valve Short To B+
volkswagen	P1468	EVAP Canister Purge Solenoid Valve Short To Ground
volkswagen	P1469	EVAP Canister Purge Solenoid Valve Open
volkswagen	P1470	EVAP Emission Control System LDP Circuit Electrical Malfunction
volkswagen	P1471	EVAP Emission Control System LDP Circuit Short To B+
volkswagen	P1472	EVAP Emission Control System LDP Circuit Short To Ground
volkswagen	P1473	EVAP Emission Control System LDP Open Circuit
volkswagen	P1475	EVAP Emission Control System LDP Malfunction Signal Circuit Open
volkswagen	P1476	EVAP Emission Control System LDP Malfunction Insufficient Vacuum
volkswagen	P1477	EVAP Emission Control System LDP Malfunction
volkswagen	P1478	EVAP Emission Control System LDP Clamped Tube Detected
volkswagen	P1500	Fuel Pump Relay Electrical Circuit Malfunction
volkswagen	P1501	Fuel Pump Relay Circuit Short To Ground
volkswagen	P1502	Fuel Pump Relay Circuit Short To B+
volkswagen	P1503	Load Signal From Generator Range Performance
volkswagen	P1504	Intake Air System Bypass Leak Detected
volkswagen	P1505	Closed Throttle Position Does Not Close Open Circuit
volkswagen	P1506	Closed Throttle Position Switch Does Not Open Short To Ground
volkswagen	P1507	Idle System Learned Value Lower Limit Attained
volkswagen	P1508	Idle System Learned Value Upper Limit Attained
volkswagen	P1509	Idle Air Control Circuit Electrical Malfunction
volkswagen	P1510	Idle Air Control Circuit Short To B+
volkswagen	P1511	Intake Manifold Changeover Valve Circuit Electrical Malfunction
volkswagen	P1512	Intake Manifold Changeover Valve Circuit Short To B+
volkswagen	P1513	Intake Manifold Changeover Valve 2 Circuit Short To B+
volkswagen	P1514	Intake Manifold Changeover Valve 2 Circuit Short To Ground
volkswagen	P1515	Intake Manifold Changeover Valve Circuit Short To Ground
volkswagen	P1516	Intake Manifold Changeover Valve Circuit Open
volkswagen	P1517	Main Relay Circuit Electrical Malfunction
volkswagen	P1518	Main Relay Circuit Short To B+
volkswagen	P1519	Intake Camshaft Control Bank 1 Malfunction
volkswagen	P1520	Intake Manifold Changeover Valve 2 Circuit Open
volkswagen	P1521	Intake Manifold Changeover Valve 2 Circuit Electrical Malfunction
volkswagen	P1522	Intake Camshaft Control Bank 2 Malfunction
volkswagen	P1523	Crash Signal From Airbag Control Unit Range Performance
volkswagen	P1525	Intake Camshaft Control Circuit Bank 1 Electrical Malfunction
volkswagen	P1526	Intake Camshaft Control Circuit Bank 1 Short To B+
volkswagen	P1527	Intake Camshaft Control Circuit Bank 1 Short To Ground
volkswagen	P1528	Intake Camshaft Control Circuit Bank 1 Open
volkswagen	P1529	Intake Camshaft Control Circuit Short To B+
volkswagen	P1530	Intake Camshaft Control Circuit Short To Ground
volkswagen	P1531	Intake Camshaft Control Circuit Open
volkswagen	P1533	Intake Camshaft Control Circuit Bank 2 Electrical Malfunction
volkswagen	P1534	Intake Camshaft Control Circuit Bank 2 Short To B+
volkswagen	P1535	Intake Camshaft Control Circuit Bank 2 Short To Ground
volkswagen	P1536	Intake Camshaft Control Circuit Bank 2 Open
volkswagen	P1537	Engine Shutoff Solenoid Malfunction
volkswagen	P1538	Engine Shutoff Solenoid Open Short To Ground
volkswagen	P1539	Clutch Pedal Switch Signal Fault
volkswagen	P1540	Vehicle Speed Sensor High Input
volkswagen	P1541	Fuel Pump Relay Circuit Open
volkswagen	P1542	Throttle Actuation Potentiometer Range Performance
volkswagen	P1543	Throttle Actuation Potentiometer Signal Too Low
volkswagen	P1544	Throttle Actuation Potentiometer Signal Too High
volkswagen	P1545	Throttle Position Control Malfunction
volkswagen	P1546	Boost Pressure Control Valve Short To B+
volkswagen	P1547	Boost Pressure Control Valve Short To Ground
volkswagen	P1548	Boost Pressure Control Valve Open
volkswagen	P1549	Boost Pressure Control Valve Open Short To Ground
volkswagen	P1550	Charge Pressure Deviation
volkswagen	P1551	Barometric Pressure Sensor Circuit Short To B+
volkswagen	P1552	Barometric Pressure Sensor Circuit Open Short To Ground
volkswagen	P1553	Barometric Manifold Pressure Signal Ratio Out Of Range
volkswagen	P1554	Idle Speed Control Throttle Position Missing Adaptation Conditions
volkswagen	P1555	Charge Pressure Upper Limit Exceeded
volkswagen	P1556	Charge Pressure Negative Deviation
volkswagen	P1557	Charge Pressure Positive Deviation
volkswagen	P1558	Throttle Actuator Electrical Malfunction
volkswagen	P1559	Idle Speed Control Throttle Position Adaptation Malfunction
volkswagen	P1560	Maximum Engine Speed Exceeded
volkswagen	P1561	Quantity Adjuster Deviation
volkswagen	P1562	Quantity Adjuster Upper Limit Attained
volkswagen	P1563	Quantity Adjuster Lower Limit Attained
volkswagen	P1564	Idle Speed Control Throttle Position Low Voltage During Adaptation
volkswagen	P1565	Idle Speed Control Throttle Position Lower Limit Not Obtained
volkswagen	P1566	Load Signal From A/C Compressor Range Performance
volkswagen	P1567	Load Signal From A/C Compressor No Signal
volkswagen	P1568	Idle Speed Control Throttle Position Mechanical Malfunction
volkswagen	P1569	Switch For CCS Signal Faulty
volkswagen	P1570	Control Unit Locked
volkswagen	P1571	Left Engine Mount Solenoid Valve Short To B+
volkswagen	P1572	Left Engine Mount Solenoid Valve Short To Ground
volkswagen	P1573	Left Engine Mount Solenoid Valve Open Circuit
volkswagen	P1574	Left Engine Mount Solenoid Valve Electrical Fault In Circuit
volkswagen	P1575	Right Engine Mount Solenoid Valve Short To B+
volkswagen	P1576	Right Engine Mount Solenoid Valve Short To Ground
volkswagen	P1577	Right Engine Mount Solenoid Valve Open Circuit
volkswagen	P1578	Right Engine Mount Solenoid Valve Electrical Fault In Circuit
volkswagen	P1579	Idle Speed Control Throttle Position Adaptation Not Started
volkswagen	P1580	Throttle Actuator Bank 1 Malfunction
volkswagen	P1581	Idle Speed Control Throttle Position Adaptation Not Carried Out
volkswagen	P1582	Idle Adaptation At Limit
volkswagen	P1583	Transmission Mount Valves Short To B+
volkswagen	P1584	Transmission Mount Valves Short To Ground
volkswagen	P1585	Transmission Mount Valves Open Circuit
volkswagen	P1586	Engine Mount Solenoid Valves Short To B+
volkswagen	P1587	Engine Mount Solenoid Valves Short To Ground
volkswagen	P1588	Engine Mount Solenoid Valves Open Circuit
volkswagen	P1600	Power Supply Terminal No 15 Low Voltage
volkswagen	P1602	Power Supply Terminal No 30 Low Voltage
volkswagen	P1603	Internal Control Module Self Check
volkswagen	P1604	Internal Control Module Driver Error
volkswagen	P1605	Rough Road Acceleration Sensor Electrical Malfunction
volkswagen	P1606	Rough Road Spec Engine Torque ABS ECU Electrical Malfunction
volkswagen	P1607	Vehicle Speed Signal Error Message From Instrument Cluster
volkswagen	P1608	Steering Angle Signal Error Message From Steering Angle Sensor
volkswagen	P1609	Crash Shut Down Activated
volkswagen	P1611	MIL Call-Up Circuit TCM Short To Ground
volkswagen	P1612	Engine Control Module Incorrect Coding
volkswagen	P1613	MIL Call-Up Circuit Open Short To B+
volkswagen	P1614	MIL Call-Up Circuit Transmission Control Module Range Performance
volkswagen	P1615	Engine Oil Temperature Sensor Circuit Range Performance
volkswagen	P1616	Glow Plug Heater Indicator Circuit Short To B+
volkswagen	P1617	Glow Plug Heater Indicator Circuit Open Short To Ground
volkswagen	P1618	Glow Plug Heater Relay Circuit Short To B+
volkswagen	P1619	Glow Plug Heater Relay Circuit Open Short To Ground
volkswagen	P1620	Engine Coolant Temperature Signal Open Short To B+
volkswagen	P1621	Engine Coolant Temperature Signal Short To Ground
volkswagen	P1622	Engine Coolant Temperature Signal Range Performance
volkswagen	P1623	Data Bus Powertrain No Communication
volkswagen	P1624	MIL Request Signal Active
volkswagen	P1625	CAN Bus Unplausible Message From Transmission Control
volkswagen	P1626	Data Bus Drive Missing Command From M/T
volkswagen	P1627	Data Bus Powertrain Missing Message From Fuel Injection Pump
volkswagen	P1628	Data Bus Powertrain Missing Message From Distance Control
volkswagen	P1629	Data Bus Powertrain Missing Message From Distance Control
volkswagen	P1630	Accelerator Pedal Position Sensor 1 Signal Too Low
volkswagen	P1631	Accelerator Pedal Position Sensor 1 Signal Too High
volkswagen	P1632	Accelerator Pedal Position Sensor 1 Power Supply Malfunction
volkswagen	P1633	Accelerator Pedal Position Sensor 2 Signal Too Low
volkswagen	P1634	Accelerator Pedal Position Sensor 2 Signal Too High
volkswagen	P1635	Data Bus Powertrain Missing Message From Air Condition Control
volkswagen	P1636	Data Bus Powertrain Missing Message From Airbag Control
volkswagen	P1637	Data Bus Powertrain Missing Message From Central Electronic Control
volkswagen	P1638	Data Bus Powertrain Missing Message From Clutch Control
volkswagen	P1639	Accelerator Pedal Position Sensor 1/2 Range Performance
volkswagen	P1640	Internal Control Module EEPROM Error
volkswagen	P1641	Check DTC Memory Of Air Condition ECU
volkswagen	P1642	Check DTC Memory Of Airbag ECU
volkswagen	P1643	Check DTC Memory Of Central ECU
volkswagen	P1644	Check DTC Memory Of Clutch ECU
volkswagen	P1645	Data Bus Powertrain Defect
volkswagen	P1646	Check DTC Memory Of All Wheel Drive ECU
volkswagen	P1647	Check Coding Of ECUs In Data Bus Powertrain
volkswagen	P1648	Data Bus Powertrain Malfunction
volkswagen	P1649	Data Bus Powertrain Missing Message From Brake Controller
volkswagen	P1650	Data Bus Powertrain Missing Message From Instrument Panel ECU
volkswagen	P1651	Data Bus Powertrain Missing Messages
volkswagen	P1652	Check DTC Memory Of Transmissions ECU
volkswagen	P1653	Check DTC Memory Of Brake ECU
volkswagen	P1654	Check DTC Memory Of Control Panel ECU
volkswagen	P1655	Check DTC Memory Of Distance Control ECU
volkswagen	P1656	A/C Clutch Relays Circuit Short To Ground
volkswagen	P1657	A/C Clutch Relays Circuit Short To B+
volkswagen	P1658	Data Bus Powertrain Range Performance From Distance Control
volkswagen	P1676	Drive By Wire MIL Circuit Electrical Malfunction
volkswagen	P1677	Drive By Wire MIL Circuit Short To B+
volkswagen	P1678	Drive By Wire MIL Circuit Short To Ground
volkswagen	P1679	Drive By Wire MIL Circuit Open Circuit
volkswagen	P1681	Control Module Programming Not Finished
volkswagen	P1684	Control Unit Programming Communication Error
volkswagen	P1686	Control Unit Error Programming
volkswagen	P1690	MIL Malfunction
volkswagen	P1691	MIL Open Circuit
volkswagen	P1692	MIL Short To Ground
volkswagen	P1693	MIL Short To B+
volkswagen	P1694	MIL Open Short To Ground
volkswagen	P1704	Kick Down Switch Malfunction
volkswagen	P1711	Wheel Speed Signal 1 Range Performance
volkswagen	P1716	Wheel Speed Signal 2 Range Performance
volkswagen	P1721	Wheel Speed Signal 3 Range Performance
volkswagen	P1723	Starter Interlock Circuit Open
volkswagen	P1724	Starter Interlock Circuit Short To Ground
volkswagen	P1726	Wheel Speed Signal 4 Range Performance
volkswagen	P1728	Different Wheel Speed Signals Range Performance
volkswagen	P1729	Starter Interlock Circuit Short To B+
volkswagen	P1733	Tiptronic Switch Down Circuit Short To Ground
volkswagen	P1739	Tiptronic Switch Up Circuit Short To Ground
volkswagen	P1741	Clutch Pressure Adaptation At Limit
volkswagen	P1742	Clutch Torque Adaptation At Limit
volkswagen	P1743	Clutch Slip Control Signal Too High
volkswagen	P1744	Tiptronic Switch Recognition Circuit Short To Ground
volkswagen	P1745	Transmission Control Unit Relay Short To B+
volkswagen	P1746	Transmission Control Unit Relay Malfunction
volkswagen	P1747	Transmission Control Unit Relay Open Short To Ground
volkswagen	P1748	Transmission Control Unit Self-Check
volkswagen	P1749	Transmission Control Unit Incorrect Coding
volkswagen	P1750	Power Supply Voltage Low
volkswagen	P1751	Power Supply Voltage High
volkswagen	P1752	Power Supply Malfunction
volkswagen	P1760	Shift Lock Malfunction
volkswagen	P1761	Shift Lock Short To Ground
volkswagen	P1762	Shift Lock Short To B+
volkswagen	P1763	Shift Lock Open
volkswagen	P1765	Hydraulic Pressure Sensor 2 Adaptation At Limit
volkswagen	P1766	Throttle Angle Signal Stuck Off
volkswagen	P1767	Throttle Angle Signal Stuck On
volkswagen	P1768	Hydraulic Pressure Sensor 2 Too High
volkswagen	P1769	Hydraulic Pressure Sensor 2 Too Low
volkswagen	P1770	Load Signal Range Performance
volkswagen	P1771	Load Signal Stuck Off
volkswagen	P1772	Load Signal Stuck On
volkswagen	P1773	Hydraulic Pressure Sensor 1 Too High
volkswagen	P1774	Hydraulic Pressure Sensor 1 Too Low
volkswagen	P1775	Hydraulic Pressure Sensor 1 Adaptation At Limit
volkswagen	P1778	Solenoid EV7 Electrical Malfunction
volkswagen	P1780	Engine Intervention Readable
volkswagen	P1781	Engine Torque Reduction Open Short To Ground
volkswagen	P1782	Engine Torque Reduction Short To B+
volkswagen	P1784	Shift Up Down Wire Open Short To Ground
volkswagen	P1785	Shift Up Down Wire Short To B+
volkswagen	P1786	Reversing Light Circuit Open
volkswagen	P1787	Reversing Light Circuit Short To Ground
volkswagen	P1788	Reversing Light Circuit Short To B+
volkswagen	P1789	Idle Speed Intervention Circuit Error Message From Engine Control
volkswagen	P1790	Transmission Range Display Circuit Open
volkswagen	P1791	Transmission Range Display Circuit Short To Ground
volkswagen	P1792	Transmission Range Display Circuit Short To B+
volkswagen	P1793	Output Speed Sensor 2 Circuit No Signal
volkswagen	P1795	Vehicle Speed Signal Circuit Open
volkswagen	P1796	Vehicle Speed Signal Short To Ground
volkswagen	P1797	Vehicle Speed Signal Short To B+
volkswagen	P1798	Output Speed Sensor 2 Circuit Range Performance
volkswagen	P1799	Output Speed Sensor 2 Circuit RPM Too High
volkswagen	P1813	Pressure Control Solenoid 1 Electrical
volkswagen	P1814	Pressure Control Solenoid 1 Open Short To Ground
volkswagen	P1815	Pressure Control Solenoid 1 Short To B+
volkswagen	P1818	Pressure Control Solenoid 2 Electrical
volkswagen	P1819	Pressure Control Solenoid 2 Open Short To Ground
volkswagen	P1820	Pressure Control Solenoid 2 Short To B+
volkswagen	P1823	Pressure Control Solenoid 3 Electrical
volkswagen	P1824	Pressure Control Solenoid 3 Open Short To Ground
volkswagen	P1825	Pressure Control Solenoid 3 Short To B+
volkswagen	P1828	Pressure Control Solenoid 4 Electrical
volkswagen	P1829	Pressure Control Solenoid 4 Open Short To Ground
volkswagen	P1830	Pressure Control Solenoid 4 Short To B+
volkswagen	P1834	Pressure Control Solenoid 5 Open Short To Ground
volkswagen	P1835	Pressure Control Solenoid 5 Short To B+
volkswagen	P1841	Engine Transmission Control Do Not Match
volkswagen	P1842	Check DTC Memory Of Instrument Panel ECU
volkswagen	P1843	Check DTC Memory Of Distance Control ECU
volkswagen	P1844	Check DTC Memory Of Central Electronic Control ECU
volkswagen	P1847	Check DTC Memory Of Brake System ECU
volkswagen	P1848	Check DTC Memory Of Engine ECU
volkswagen	P1849	Check DTC Memory Of Transmission ECU
volkswagen	P1850	CAN Bus Missing Message From Engine Control
volkswagen	P1851	CAN Bus Missing Message From Brake Control
volkswagen	P1852	CAN Bus Unplausible Message From Engine Control
volkswagen	P1853	CAN Bus Unplausible Message From Brake Control
volkswagen	P1854	CAN Bus Hardware Defective
volkswagen	P1855	CAN Bus Software Version Control
volkswagen	P1856	Throttle Pedal Position Sensor A Circuit Error Message From Engine Control
volkswagen	P1857	Load Signal Error Message From Engine Control
volkswagen	P1858	Engine Speed Input Circuit Error Message From Engine Control
volkswagen	P1859	Brake Switch Circuit Error Message From Engine Control
volkswagen	P1860	Kick Down Switch Error Message From Engine Control
volkswagen	P1861	Throttle Position Sensor Error Message From ECM
volkswagen	P1862	Data Bus Powertrain Missing Message From Instrument Panel ECU
volkswagen	P1863	Data Bus Powertrain Missing Message From Steering Angle Sensor
volkswagen	P1864	Data Bus Powertrain Missing Message From ADR Control Module
volkswagen	P1865	Data Bus Powertrain Missing Message From Central Electronics
volkswagen	P1866	Data Bus Powertrain Missing Messages
